# name, tgt sunk, tgt tons, subsDmgd, subsSunk, subsSpotted, subsRTB, subsPromoted
U-0(5-3-3),1,9,0,0,0,0,0
U-1(5-3-3),1,1,0,0,0,0,0
U-2(5-3-3),0,0,0,0,0,0,0
U-3(5-3-3),2,11,0,0,0,0,0
U-4(5-3-3),0,0,0,0,0,0,0
U-5(5-3-3),1,3,0,0,0,0,0
U-6(5-3-3),1,4,0,0,0,0,0
U-7(5-3-3),1,7,0,0,1,0,0
U-8(5-3-3),1,4,0,0,0,0,0
U-9(5-3-3),1,1,1,0,0,0,0
U-10(5-3-3),2,10,0,0,0,0,0
U-11(5-3-3),0,0,0,0,0,0,0
U-12(5-3-3),1,7,0,0,0,0,0
U-13(5-3-3),1,7,0,0,0,0,0
U-14(5-3-3),1,5,0,0,0,0,0
U-15(5-3-3),1,7,0,0,0,0,0
U-16(5-3-3),1,8,0,0,0,0,0
U-17(5-3-3),1,7,0,0,0,0,0
U-18(5-3-3),0,0,0,0,1,0,0
U-19(5-3-3),1,7,0,0,0,0,0
U-20(5-3-3),1,5,0,0,0,0,0
U-21(5-3-3),2,8,0,0,0,0,0
U-22(5-3-3),1,4,0,0,0,0,0
U-23(5-3-3),0,0,0,0,0,0,0
U-24(5-3-3),3,8,0,0,0,0,0
U-25(5-3-3),1,3,0,0,0,0,0
U-26(5-3-3),0,0,0,0,0,0,0
U-27(5-3-3),2,16,0,0,0,0,0
U-28(5-3-3),3,14,0,0,0,0,0
U-29(5-3-3),1,5,0,0,0,0,0
U-30(5-3-3),0,0,1,0,0,0,0
U-31(5-3-3),1,7,0,0,0,0,0
U-32(5-3-3),2,6,0,0,0,0,0
U-33(5-3-3),1,7,0,0,0,0,0
U-34(5-3-3),0,0,0,0,0,0,0
U-35(5-3-3),1,4,0,0,0,0,0
U-36(5-3-3),3,15,0,0,0,0,0
U-37(5-3-3),2,15,0,0,0,0,0
U-38(5-3-3),0,0,0,0,0,0,0
U-39(5-3-3),2,8,0,0,0,0,0
U-40(5-3-3),1,3,0,0,0,0,0
U-41(5-3-3),1,5,0,0,0,0,0
U-42(5-3-3),0,0,0,0,0,0,0
U-43(5-3-3),0,0,0,0,0,0,0
U-44(5-3-3),1,5,0,0,0,0,0
U-45(5-3-3),2,10,0,0,0,0,0
U-46(5-3-3),2,11,0,0,0,0,0
U-47(5-3-3),1,9,0,0,0,0,0
U-48(5-3-3),0,0,0,0,0,0,0
U-49(5-3-3),1,5,0,0,0,0,0
U-50(5-3-3),0,0,0,0,0,0,0
U-51(5-3-3),1,12,0,0,0,0,0
U-52(5-3-3),2,7,0,0,0,0,0
U-53(5-3-3),1,4,0,0,0,0,0
U-54(5-3-3),2,9,0,0,0,0,0
U-55(5-3-3),0,0,0,0,0,0,0
U-56(5-3-3),3,9,0,0,0,0,0
U-57(5-3-3),1,4,0,0,0,0,0
U-58(5-3-3),3,10,0,0,0,0,0
U-59(5-3-3),2,7,0,0,0,0,0
U-60(5-3-3),2,11,0,0,0,0,0
U-61(5-3-3),1,4,0,0,0,0,0
U-62(5-3-3),1,5,0,0,0,0,0
U-63(5-3-3),0,0,0,0,0,0,0
U-64(5-3-3),1,5,0,0,0,0,0
U-65(5-3-3),1,14,0,0,0,0,0
U-66(5-3-3),0,0,0,0,0,0,0
U-67(5-3-3),0,0,0,0,0,0,0
U-68(5-3-3),2,6,0,0,0,0,0
U-69(5-3-3),2,8,0,0,0,0,0
U-70(5-3-3),2,6,0,0,0,0,0
U-71(5-3-3),0,0,0,0,0,0,0
U-72(5-3-3),1,6,0,0,0,0,0
U-73(5-3-3),1,10,0,0,1,0,0
U-74(5-3-3),3,13,0,0,0,0,0
U-75(5-3-3),0,0,0,0,0,0,0
U-76(5-3-3),2,18,0,0,0,0,0
U-77(5-3-3),1,3,0,0,0,0,0
U-78(5-3-3),0,0,0,0,0,0,0
U-79(5-3-3),1,1,0,0,0,0,0
U-80(5-3-3),2,6,0,0,0,0,0
U-81(5-3-3),0,0,1,0,0,0,0
U-82(5-3-3),0,0,0,0,0,0,0
U-83(5-3-3),1,5,0,0,0,0,0
U-84(5-3-3),0,0,0,0,0,0,0
U-85(5-3-3),2,8,0,0,0,0,0
U-86(5-3-3),1,12,0,0,0,0,0
U-87(5-3-3),0,0,0,0,1,0,0
U-88(5-3-3),0,0,0,0,0,0,0
U-89(5-3-3),0,0,1,0,0,0,0
U-90(5-3-3),1,10,0,0,0,0,0
U-91(5-3-3),0,0,0,0,0,0,0
U-92(5-3-3),0,0,0,0,0,0,0
U-93(5-3-3),2,16,0,0,0,0,0
U-94(5-3-3),0,0,0,0,0,0,0
U-95(5-3-3),1,5,0,0,0,0,0
U-96(5-3-3),0,0,1,0,0,0,0
U-97(5-3-3),0,0,0,0,0,0,0
U-98(5-3-3),2,10,0,0,0,0,0
U-99(5-3-3),0,0,0,0,0,0,0
U-100(5-3-3),0,0,0,0,0,0,0
U-101(5-3-3),3,16,0,0,0,0,0
U-102(5-3-3),1,8,0,1,0,0,0
U-103(5-3-3),2,8,0,0,0,0,0
U-104(5-3-3),1,4,0,0,0,0,0
U-105(5-3-3),0,0,0,0,1,0,0
U-106(5-3-3),1,4,0,0,0,0,0
U-107(5-3-3),3,18,0,0,0,0,0
U-108(5-3-3),1,5,0,0,0,0,0
U-109(5-3-3),2,9,0,0,0,0,0
U-110(5-3-3),0,0,0,0,0,0,0
U-111(5-3-3),1,7,0,0,0,0,0
U-112(5-3-3),1,4,0,0,0,0,0
U-113(5-3-3),1,8,1,0,0,0,0
U-114(5-3-3),1,4,0,0,0,0,0
U-115(5-3-3),1,7,0,0,0,0,0
U-116(5-3-3),2,3,0,0,0,0,0
U-117(5-3-3),0,0,0,0,0,0,0
U-118(5-3-3),1,5,0,0,0,0,0
U-119(5-3-3),2,10,0,0,0,0,0
U-120(5-3-3),0,0,0,0,0,0,0
U-121(5-3-3),0,0,0,0,0,0,0
U-122(5-3-3),0,0,0,0,0,0,0
U-123(5-3-3),2,7,0,0,0,0,0
U-124(5-3-3),0,0,0,0,0,0,0
U-125(5-3-3),2,11,0,0,0,0,0
U-126(5-3-3),0,0,0,0,0,0,0
U-127(5-3-3),1,9,0,0,0,0,0
U-128(5-3-3),0,0,0,0,0,0,0
U-129(5-3-3),1,6,0,0,0,0,0
U-130(5-3-3),1,5,0,0,0,0,0
U-131(5-3-3),2,9,0,0,0,0,0
U-132(5-3-3),0,0,1,0,0,0,0
U-133(5-3-3),0,0,0,0,0,0,0
U-134(5-3-3),2,10,0,0,0,0,0
U-135(5-3-3),1,4,0,0,0,0,0
U-136(5-3-3),1,7,0,0,0,0,0
U-137(5-3-3),3,6,0,0,0,0,0
U-138(5-3-3),2,8,0,0,0,0,0
U-139(5-3-3),0,0,0,0,0,0,0
U-140(5-3-3),3,14,0,0,0,0,0
U-141(5-3-3),2,6,0,0,0,0,0
U-142(5-3-3),1,11,1,0,0,0,0
U-143(5-3-3),0,0,0,0,0,0,0
U-144(5-3-3),3,12,0,0,0,0,0
U-145(5-3-3),0,0,0,0,0,0,0
U-146(5-3-3),2,13,0,0,0,0,0
U-147(5-3-3),2,7,0,0,0,0,0
U-148(5-3-3),2,11,0,0,0,0,0
U-149(5-3-3),1,4,0,0,0,0,0
U-150(5-3-3),1,4,0,0,0,0,0
U-151(5-3-3),1,10,0,0,0,0,0
U-152(5-3-3),0,0,0,0,0,0,0
U-153(5-3-3),0,0,1,0,0,0,0
U-154(5-3-3),3,10,0,0,0,0,0
U-155(5-3-3),0,0,1,0,0,0,0
U-156(5-3-3),1,5,0,0,1,0,0
U-157(5-3-3),3,8,0,0,0,0,0
U-158(5-3-3),4,14,0,0,0,0,0
U-159(5-3-3),3,13,0,0,0,0,0
U-160(5-3-3),1,5,0,0,0,0,0
U-161(5-3-3),2,14,0,0,0,0,0
U-162(5-3-3),1,8,0,0,0,0,0
U-163(5-3-3),0,0,0,0,0,0,0
U-164(5-3-3),1,12,0,0,0,0,0
U-165(5-3-3),1,10,0,0,0,0,0
U-166(5-3-3),0,0,0,0,0,0,0
U-167(5-3-3),1,5,0,1,0,0,0
U-168(5-3-3),2,8,0,0,0,0,0
U-169(5-3-3),0,0,0,0,0,0,0
U-170(5-3-3),3,10,0,0,0,0,0
U-171(5-3-3),1,7,0,0,0,0,0
U-172(5-3-3),2,6,0,0,0,0,0
U-173(5-3-3),0,0,0,0,0,0,0
U-174(5-3-3),2,9,0,0,0,0,0
U-175(5-3-3),0,0,0,0,0,0,0
U-176(5-3-3),0,0,0,0,0,0,0
U-177(5-3-3),0,0,0,0,0,0,0
U-178(5-3-3),1,7,0,0,0,0,0
U-179(5-3-3),0,0,0,0,0,0,0
U-180(5-3-3),2,13,0,0,0,0,0
U-181(5-3-3),1,2,0,0,0,0,0
U-182(5-3-3),1,5,0,0,0,0,0
U-183(5-3-3),3,19,0,0,0,0,0
U-184(5-3-3),2,9,0,0,0,0,0
U-185(5-3-3),1,5,0,0,0,0,0
U-186(5-3-3),2,10,0,0,0,0,0
U-187(5-3-3),2,11,0,0,0,0,0
U-188(5-3-3),0,0,0,0,0,0,0
U-189(5-3-3),2,10,0,0,0,0,0
U-190(5-3-3),0,0,0,0,0,0,0
U-191(5-3-3),3,14,0,0,0,0,0
U-192(5-3-3),0,0,0,0,0,0,0
U-193(5-3-3),0,0,1,0,0,1,1
U-194(5-3-3),1,2,0,0,0,0,0
U-195(5-3-3),2,14,0,0,0,0,0
U-196(5-3-3),3,21,0,0,0,0,0
U-197(5-3-3),0,0,0,0,0,0,0
U-198(5-3-3),1,10,0,0,0,0,0
U-199(5-3-3),2,10,0,0,0,0,0
U-200(5-3-3),1,3,0,0,0,0,0
U-201(5-3-3),1,5,0,0,0,0,0
U-202(5-3-3),0,0,1,0,0,0,0
U-203(5-3-3),0,0,0,0,0,0,0
U-204(5-3-3),0,0,0,0,0,0,0
U-205(5-3-3),1,3,0,0,0,0,0
U-206(5-3-3),0,0,0,0,0,0,0
U-207(5-3-3),3,18,0,0,0,0,0
U-208(5-3-3),0,0,0,0,0,0,0
U-209(5-3-3),3,36,0,0,0,0,0
U-210(5-3-3),1,4,0,0,0,0,0
U-211(5-3-3),0,0,0,0,0,0,0
U-212(5-3-3),0,0,0,0,0,0,0
U-213(5-3-3),0,0,1,0,0,0,0
U-214(5-3-3),1,2,0,0,0,0,0
U-215(5-3-3),1,5,0,0,0,0,0
U-216(5-3-3),1,5,0,0,0,0,0
U-217(5-3-3),3,14,0,0,0,0,0
U-218(5-3-3),1,8,0,0,0,0,0
U-219(5-3-3),1,5,0,0,0,0,0
U-220(5-3-3),3,21,0,0,0,0,0
U-221(5-3-3),1,5,0,0,0,0,0
U-222(5-3-3),1,10,0,0,0,0,0
U-223(5-3-3),1,5,1,0,0,0,0
U-224(5-3-3),2,13,0,0,0,0,0
U-225(5-3-3),2,10,0,0,0,0,0
U-226(5-3-3),1,10,0,0,0,0,0
U-227(5-3-3),0,0,0,0,0,0,0
U-228(5-3-3),0,0,1,0,0,0,0
U-229(5-3-3),2,11,0,0,0,0,0
U-230(5-3-3),0,0,0,0,0,0,0
U-231(5-3-3),2,13,0,0,0,0,0
U-232(5-3-3),3,14,0,0,0,0,0
U-233(5-3-3),1,2,0,0,0,0,0
U-234(5-3-3),1,2,0,0,0,0,0
U-235(5-3-3),3,16,0,0,0,0,0
U-236(5-3-3),1,8,0,0,0,0,0
U-237(5-3-3),1,8,0,0,0,0,0
U-238(5-3-3),2,7,0,0,0,0,0
U-239(5-3-3),1,8,0,0,0,0,0
U-240(5-3-3),1,2,0,0,0,0,0
U-241(5-3-3),3,11,0,0,0,0,0
U-242(5-3-3),0,0,0,0,1,0,0
U-243(5-3-3),0,0,1,0,0,0,0
U-244(5-3-3),0,0,0,1,0,0,0
U-245(5-3-3),2,10,0,0,0,0,0
U-246(5-3-3),1,3,1,0,0,0,0
U-247(5-3-3),0,0,1,0,0,0,0
U-248(5-3-3),1,20,0,0,0,0,0
U-249(5-3-3),0,0,0,0,0,0,0
U-250(5-3-3),0,0,0,0,0,0,0
U-251(5-3-3),1,5,0,0,0,0,0
U-252(5-3-3),2,10,0,0,0,0,0
U-253(5-3-3),1,5,1,0,0,0,0
U-254(5-3-3),1,10,0,0,1,0,0
U-255(5-3-3),0,0,0,0,0,0,0
U-256(5-3-3),1,8,0,0,0,0,0
U-257(5-3-3),0,0,0,0,0,0,0
U-258(5-3-3),2,10,0,0,0,0,0
U-259(5-3-3),2,6,0,0,0,0,0
U-260(5-3-3),3,15,0,0,0,0,0
U-261(5-3-3),2,7,0,0,0,0,0
U-262(5-3-3),2,6,0,0,0,0,0
U-263(5-3-3),1,5,0,0,0,0,0
U-264(5-3-3),1,12,0,0,0,0,0
U-265(5-3-3),0,0,0,0,0,0,0
U-266(5-3-3),0,0,0,0,0,0,0
U-267(5-3-3),0,0,0,0,0,0,0
U-268(5-3-3),0,0,0,0,0,0,0
U-269(5-3-3),0,0,1,0,0,0,0
U-270(5-3-3),4,8,0,0,0,0,0
U-271(5-3-3),0,0,0,0,0,0,0
U-272(5-3-3),2,9,0,0,1,0,0
U-273(5-3-3),1,3,0,0,0,0,0
U-274(5-3-3),0,0,1,0,0,1,1
U-275(5-3-3),0,0,0,0,0,0,0
U-276(5-3-3),1,8,0,0,0,0,0
U-277(5-3-3),1,10,0,0,0,0,0
U-278(5-3-3),1,3,0,0,0,0,0
U-279(5-3-3),1,4,0,0,0,0,0
U-280(5-3-3),4,15,0,0,0,0,0
U-281(5-3-3),1,10,0,0,0,0,0
U-282(5-3-3),0,0,0,0,0,0,0
U-283(5-3-3),3,22,0,0,0,0,0
U-284(5-3-3),1,10,0,0,0,0,0
U-285(5-3-3),1,5,0,0,0,0,0
U-286(5-3-3),4,22,0,0,0,0,0
U-287(5-3-3),1,3,0,0,0,0,0
U-288(5-3-3),2,8,0,0,0,0,0
U-289(5-3-3),2,10,0,0,0,0,0
U-290(5-3-3),3,10,0,0,0,0,0
U-291(5-3-3),3,8,0,0,0,0,0
U-292(5-3-3),2,10,0,0,0,0,0
U-293(5-3-3),1,3,0,0,0,0,0
U-294(5-3-3),1,12,0,0,0,0,0
U-295(5-3-3),2,9,0,0,1,0,0
U-296(5-3-3),0,0,0,0,0,0,0
U-297(5-3-3),1,5,0,0,0,0,0
U-298(5-3-3),0,0,0,0,0,0,0
U-299(5-3-3),1,5,0,0,0,0,0
U-300(5-3-3),1,8,0,0,0,0,0
U-301(5-3-3),0,0,0,0,0,0,0
U-302(5-3-3),2,11,0,0,0,0,0
U-303(5-3-3),0,0,0,0,1,0,0
U-304(5-3-3),1,4,0,0,0,0,0
U-305(5-3-3),1,9,0,0,0,0,0
U-306(5-3-3),1,8,0,0,0,0,0
U-307(5-3-3),1,5,0,0,0,0,0
U-308(5-3-3),2,11,0,0,0,0,0
U-309(5-3-3),1,5,0,0,0,0,0
U-310(5-3-3),1,5,0,0,0,0,0
U-311(5-3-3),3,15,0,0,0,0,0
U-312(5-3-3),2,14,0,0,0,0,0
U-313(5-3-3),1,4,0,0,0,0,0
U-314(5-3-3),4,11,0,0,0,0,0
U-315(5-3-3),2,8,0,0,0,0,0
U-316(5-3-3),1,9,0,0,0,0,0
U-317(5-3-3),3,13,0,0,0,0,0
U-318(5-3-3),0,0,0,1,0,0,0
U-319(5-3-3),1,5,0,0,0,0,0
U-320(5-3-3),3,7,0,0,0,0,0
U-321(5-3-3),3,14,0,0,0,0,0
U-322(5-3-3),0,0,0,0,0,0,0
U-323(5-3-3),2,4,0,0,0,0,0
U-324(5-3-3),0,0,0,0,0,0,0
U-325(5-3-3),1,17,0,0,0,0,0
U-326(5-3-3),2,7,0,0,0,0,0
U-327(5-3-3),0,0,0,0,0,0,0
U-328(5-3-3),0,0,0,0,0,0,0
U-329(5-3-3),0,0,1,0,0,0,0
U-330(5-3-3),1,5,0,0,0,0,0
U-331(5-3-3),3,24,0,0,0,0,0
U-332(5-3-3),1,2,0,0,0,0,0
U-333(5-3-3),1,2,0,0,1,0,0
U-334(5-3-3),2,6,0,0,0,0,0
U-335(5-3-3),1,6,0,0,0,0,0
U-336(5-3-3),2,9,0,0,0,0,0
U-337(5-3-3),2,7,0,0,0,0,0
U-338(5-3-3),1,8,0,0,0,0,0
U-339(5-3-3),1,5,0,0,0,0,0
U-340(5-3-3),0,0,0,0,0,0,0
U-341(5-3-3),1,9,0,0,0,0,0
U-342(5-3-3),2,22,0,0,0,0,0
U-343(5-3-3),1,8,0,0,0,0,0
U-344(5-3-3),1,5,0,0,0,0,0
U-345(5-3-3),1,4,0,0,0,0,0
U-346(5-3-3),0,0,0,0,0,0,0
U-347(5-3-3),2,14,0,0,0,0,0
U-348(5-3-3),2,11,0,0,0,0,0
U-349(5-3-3),3,11,0,0,0,0,0
U-350(5-3-3),1,9,0,0,0,0,0
U-351(5-3-3),2,9,0,0,0,0,0
U-352(5-3-3),1,10,0,0,0,0,0
U-353(5-3-3),2,10,0,0,0,0,0
U-354(5-3-3),1,3,0,0,0,0,0
U-355(5-3-3),1,5,0,0,0,0,0
U-356(5-3-3),1,4,0,0,0,0,0
U-357(5-3-3),0,0,0,0,0,0,0
U-358(5-3-3),1,5,0,0,0,0,0
U-359(5-3-3),0,0,0,0,0,0,0
U-360(5-3-3),1,6,0,0,0,0,0
U-361(5-3-3),2,9,0,0,0,0,0
U-362(5-3-3),1,2,0,0,0,0,0
U-363(5-3-3),0,0,0,0,0,0,0
U-364(5-3-3),1,6,0,0,0,0,0
U-365(5-3-3),2,11,0,0,0,0,0
U-366(5-3-3),1,4,0,0,0,0,0
U-367(5-3-3),3,14,0,0,0,0,0
U-368(5-3-3),1,4,0,0,0,0,0
U-369(5-3-3),1,4,0,0,0,0,0
U-370(5-3-3),1,5,0,0,0,0,0
U-371(5-3-3),0,0,0,0,0,0,0
U-372(5-3-3),3,16,0,0,0,0,0
U-373(5-3-3),2,8,0,0,0,0,0
U-374(5-3-3),2,19,0,0,0,0,0
U-375(5-3-3),1,4,0,0,0,0,0
U-376(5-3-3),2,8,0,0,0,0,0
U-377(5-3-3),0,0,1,0,0,0,0
U-378(5-3-3),1,5,1,0,0,0,0
U-379(5-3-3),2,13,0,0,0,0,0
U-380(5-3-3),2,14,0,0,0,0,0
U-381(5-3-3),1,5,0,0,0,0,0
U-382(5-3-3),2,6,0,0,0,0,0
U-383(5-3-3),1,6,0,0,0,0,0
U-384(5-3-3),0,0,0,0,0,0,0
U-385(5-3-3),2,10,0,0,0,0,0
U-386(5-3-3),2,7,0,0,0,0,0
U-387(5-3-3),2,11,0,0,0,0,0
U-388(5-3-3),2,5,0,0,0,0,0
U-389(5-3-3),2,11,0,0,0,0,0
U-390(5-3-3),1,8,0,0,0,0,0
U-391(5-3-3),1,6,0,0,0,0,0
U-392(5-3-3),0,0,0,0,0,0,0
U-393(5-3-3),1,2,0,0,0,0,0
U-394(5-3-3),2,17,0,0,0,0,0
U-395(5-3-3),1,6,0,0,0,0,0
U-396(5-3-3),2,9,0,0,0,0,0
U-397(5-3-3),1,5,0,0,0,0,0
U-398(5-3-3),1,5,0,0,0,0,0
U-399(5-3-3),1,5,1,0,0,0,0
U-400(5-3-3),1,5,0,0,0,0,0
U-401(5-3-3),1,7,0,0,0,0,0
U-402(5-3-3),3,15,0,0,0,0,0
U-403(5-3-3),1,3,1,0,0,1,1
U-404(5-3-3),3,11,0,0,0,0,0
U-405(5-3-3),0,0,0,0,0,0,0
U-406(5-3-3),2,10,0,0,0,0,0
U-407(5-3-3),2,2,0,0,0,0,0
U-408(5-3-3),2,12,0,0,0,0,0
U-409(5-3-3),1,2,0,0,0,0,0
U-410(5-3-3),1,2,0,0,0,0,0
U-411(5-3-3),0,0,0,0,0,0,0
U-412(5-3-3),0,0,1,0,0,0,0
U-413(5-3-3),2,6,0,0,0,0,0
U-414(5-3-3),0,0,0,0,0,0,0
U-415(5-3-3),1,4,0,0,0,0,0
U-416(5-3-3),1,5,0,0,0,0,0
U-417(5-3-3),1,9,0,0,0,0,0
U-418(5-3-3),2,5,0,0,0,0,0
U-419(5-3-3),1,2,0,0,0,0,0
U-420(5-3-3),0,0,0,0,0,0,0
U-421(5-3-3),2,10,0,0,0,0,0
U-422(5-3-3),3,20,0,0,0,0,0
U-423(5-3-3),2,10,0,0,0,0,0
U-424(5-3-3),2,7,0,0,0,0,0
U-425(5-3-3),1,3,0,0,0,0,0
U-426(5-3-3),2,8,0,0,0,0,0
U-427(5-3-3),0,0,0,0,0,0,0
U-428(5-3-3),2,8,0,0,0,0,0
U-429(5-3-3),3,20,0,0,0,0,0
U-430(5-3-3),0,0,0,0,0,0,0
U-431(5-3-3),2,8,0,0,0,0,0
U-432(5-3-3),2,11,0,0,0,0,0
U-433(5-3-3),1,17,0,0,0,0,0
U-434(5-3-3),2,11,0,0,0,0,0
U-435(5-3-3),1,4,0,0,0,0,0
U-436(5-3-3),2,25,0,0,0,0,0
U-437(5-3-3),1,5,0,0,0,0,0
U-438(5-3-3),1,4,0,0,0,0,0
U-439(5-3-3),0,0,0,0,0,0,0
U-440(5-3-3),2,6,0,0,0,0,0
U-441(5-3-3),0,0,0,0,0,0,0
U-442(5-3-3),3,16,0,0,0,0,0
U-443(5-3-3),1,9,0,0,0,0,0
U-444(5-3-3),2,12,0,0,0,0,0
U-445(5-3-3),2,18,0,0,0,0,0
U-446(5-3-3),2,9,0,0,0,0,0
U-447(5-3-3),2,6,0,0,0,0,0
U-448(5-3-3),1,4,0,0,0,0,0
U-449(5-3-3),2,12,0,0,0,0,0
U-450(5-3-3),2,7,0,0,0,0,0
U-451(5-3-3),2,24,0,0,0,0,0
U-452(5-3-3),1,5,0,0,0,0,0
U-453(5-3-3),1,3,0,0,0,0,0
U-454(5-3-3),1,4,0,0,0,0,0
U-455(5-3-3),1,7,0,0,0,0,0
U-456(5-3-3),1,4,0,0,0,0,0
U-457(5-3-3),0,0,0,0,1,0,0
U-458(5-3-3),2,4,0,0,0,0,0
U-459(5-3-3),3,12,0,0,0,0,0
U-460(5-3-3),2,16,0,0,0,0,0
U-461(5-3-3),1,4,0,0,0,0,0
U-462(5-3-3),3,10,0,0,0,0,0
U-463(5-3-3),3,18,0,0,0,0,0
U-464(5-3-3),0,0,0,0,0,0,0
U-465(5-3-3),2,9,0,0,0,0,0
U-466(5-3-3),0,0,0,0,0,0,0
U-467(5-3-3),0,0,1,0,0,0,0
U-468(5-3-3),2,11,0,0,0,0,0
U-469(5-3-3),1,7,0,0,0,0,0
U-470(5-3-3),0,0,1,0,0,0,0
U-471(5-3-3),3,17,0,0,0,0,0
U-472(5-3-3),3,13,0,0,0,0,0
U-473(5-3-3),2,9,0,0,0,0,0
U-474(5-3-3),2,5,0,0,0,0,0
U-475(5-3-3),3,22,0,0,0,0,0
U-476(5-3-3),2,14,0,0,0,0,0
U-477(5-3-3),0,0,0,0,0,0,0
U-478(5-3-3),0,0,1,0,0,1,1
U-479(5-3-3),0,0,0,0,0,0,0
U-480(5-3-3),0,0,0,0,0,0,0
U-481(5-3-3),3,11,0,1,0,0,0
U-482(5-3-3),3,24,0,0,0,0,0
U-483(5-3-3),0,0,0,0,0,0,0
U-484(5-3-3),1,3,0,0,0,0,0
U-485(5-3-3),3,22,0,0,0,0,0
U-486(5-3-3),1,4,0,0,0,0,0
U-487(5-3-3),1,2,0,0,0,0,0
U-488(5-3-3),2,8,0,0,0,0,0
U-489(5-3-3),2,10,0,0,0,0,0
U-490(5-3-3),0,0,1,0,0,1,1
U-491(5-3-3),1,7,0,0,0,0,0
U-492(5-3-3),2,16,0,0,0,0,0
U-493(5-3-3),1,2,0,0,0,0,0
U-494(5-3-3),0,0,0,0,0,0,0
U-495(5-3-3),1,6,0,0,0,0,0
U-496(5-3-3),3,11,0,0,0,0,0
U-497(5-3-3),3,16,0,0,0,0,0
U-498(5-3-3),0,0,0,0,0,0,0
U-499(5-3-3),0,0,0,0,0,0,0
U-500(5-3-3),2,10,0,0,0,0,0
U-501(5-3-3),3,28,0,0,0,0,0
U-502(5-3-3),1,4,0,0,0,0,0
U-503(5-3-3),1,2,1,0,0,0,0
U-504(5-3-3),0,0,0,0,1,0,0
U-505(5-3-3),1,6,0,0,0,0,0
U-506(5-3-3),2,6,0,0,0,0,0
U-507(5-3-3),1,2,0,0,0,0,0
U-508(5-3-3),1,12,0,0,0,0,0
U-509(5-3-3),0,0,1,0,0,0,0
U-510(5-3-3),2,19,0,0,0,0,0
U-511(5-3-3),3,13,0,0,0,0,0
U-512(5-3-3),4,17,0,0,0,0,0
U-513(5-3-3),1,5,0,0,0,0,0
U-514(5-3-3),2,8,0,0,0,0,0
U-515(5-3-3),1,2,0,0,0,0,0
U-516(5-3-3),1,2,0,0,0,0,0
U-517(5-3-3),0,0,0,0,0,0,0
U-518(5-3-3),1,11,0,0,0,0,0
U-519(5-3-3),1,4,0,0,0,0,0
U-520(5-3-3),1,4,0,0,0,0,0
U-521(5-3-3),1,5,0,0,0,0,0
U-522(5-3-3),1,8,0,0,0,0,0
U-523(5-3-3),1,2,0,0,1,0,0
U-524(5-3-3),2,14,0,0,0,0,0
U-525(5-3-3),0,0,1,0,0,1,1
U-526(5-3-3),1,2,0,0,0,0,0
U-527(5-3-3),2,8,0,0,0,0,0
U-528(5-3-3),1,6,0,0,0,0,0
U-529(5-3-3),3,20,0,0,0,0,0
U-530(5-3-3),2,14,0,0,0,0,0
U-531(5-3-3),1,6,0,0,0,0,0
U-532(5-3-3),2,16,0,0,0,0,0
U-533(5-3-3),4,13,0,0,0,0,0
U-534(5-3-3),2,7,0,0,0,0,0
U-535(5-3-3),2,10,0,0,0,0,0
U-536(5-3-3),2,10,0,0,0,0,0
U-537(5-3-3),1,6,0,0,0,0,0
U-538(5-3-3),1,5,0,0,0,0,0
U-539(5-3-3),1,2,0,0,0,0,0
U-540(5-3-3),3,12,0,0,0,0,0
U-541(5-3-3),2,11,0,0,0,0,0
U-542(5-3-3),1,4,0,0,0,0,0
U-543(5-3-3),2,6,0,0,0,0,0
U-544(5-3-3),3,7,0,0,0,0,0
U-545(5-3-3),0,0,0,0,0,0,0
U-546(5-3-3),0,0,0,0,1,0,0
U-547(5-3-3),1,5,0,0,0,0,0
U-548(5-3-3),2,10,0,0,0,0,0
U-549(5-3-3),3,7,0,0,0,0,0
U-550(5-3-3),0,0,0,0,0,0,0
U-551(5-3-3),0,0,1,0,0,0,0
U-552(5-3-3),1,12,0,0,0,0,0
U-553(5-3-3),4,14,0,0,0,0,0
U-554(5-3-3),3,8,0,0,0,0,0
U-555(5-3-3),0,0,0,0,0,0,0
U-556(5-3-3),3,14,0,0,0,0,0
U-557(5-3-3),0,0,1,0,0,0,0
U-558(5-3-3),1,2,0,0,0,0,0
U-559(5-3-3),1,5,1,0,0,0,0
U-560(5-3-3),1,2,0,0,0,0,0
U-561(5-3-3),2,10,0,0,0,0,0
U-562(5-3-3),4,10,0,0,0,0,0
U-563(5-3-3),2,22,0,0,0,0,0
U-564(5-3-3),0,0,0,0,0,0,0
U-565(5-3-3),2,16,0,0,0,0,0
U-566(5-3-3),1,5,0,0,0,0,0
U-567(5-3-3),2,9,0,0,0,0,0
U-568(5-3-3),3,10,0,0,0,0,0
U-569(5-3-3),1,2,1,0,0,1,1
U-570(5-3-3),1,1,0,0,0,0,0
U-571(5-3-3),1,2,0,0,0,0,0
U-572(5-3-3),1,3,0,1,0,0,0
U-573(5-3-3),1,7,0,0,0,0,0
U-574(5-3-3),2,11,0,0,0,0,0
U-575(5-3-3),0,0,0,1,0,0,0
U-576(5-3-3),0,0,0,0,0,0,0
U-577(5-3-3),2,4,0,0,0,0,0
U-578(5-3-3),2,13,0,0,0,0,0
U-579(5-3-3),1,4,0,1,0,0,0
U-580(5-3-3),1,7,0,0,0,0,0
U-581(5-3-3),2,17,0,0,0,0,0
U-582(5-3-3),2,18,0,0,0,0,0
U-583(5-3-3),1,5,0,0,0,0,0
U-584(5-3-3),3,16,0,0,0,0,0
U-585(5-3-3),0,0,1,0,0,0,0
U-586(5-3-3),2,15,0,0,0,0,0
U-587(5-3-3),3,10,0,0,0,0,0
U-588(5-3-3),0,0,0,0,0,0,0
U-589(5-3-3),1,5,0,0,0,0,0
U-590(5-3-3),0,0,0,0,0,0,0
U-591(5-3-3),2,8,0,0,0,0,0
U-592(5-3-3),0,0,0,0,0,0,0
U-593(5-3-3),3,15,0,0,0,0,0
U-594(5-3-3),0,0,1,0,0,0,0
U-595(5-3-3),2,9,0,0,0,0,0
U-596(5-3-3),0,0,0,0,1,0,0
U-597(5-3-3),1,5,0,0,0,0,0
U-598(5-3-3),2,9,0,0,0,0,0
U-599(5-3-3),0,0,0,0,1,0,0
U-600(5-3-3),1,5,0,0,0,0,0
U-601(5-3-3),0,0,1,0,0,0,0
U-602(5-3-3),1,11,0,0,0,0,0
U-603(5-3-3),0,0,0,0,0,0,0
U-604(5-3-3),1,2,0,0,0,0,0
U-605(5-3-3),0,0,0,0,0,0,0
U-606(5-3-3),0,0,1,0,0,1,1
U-607(5-3-3),1,4,0,0,0,0,0
U-608(5-3-3),1,4,0,0,0,0,0
U-609(5-3-3),0,0,0,0,0,0,0
U-610(5-3-3),1,4,0,0,0,0,0
U-611(5-3-3),1,5,0,0,0,0,0
U-612(5-3-3),1,4,0,0,0,0,0
U-613(5-3-3),2,8,0,0,0,0,0
U-614(5-3-3),2,6,0,0,0,0,0
U-615(5-3-3),1,4,0,0,0,0,0
U-616(5-3-3),2,15,0,0,0,0,0
U-617(5-3-3),0,0,0,0,0,0,0
U-618(5-3-3),2,16,0,0,0,0,0
U-619(5-3-3),3,14,0,0,0,0,0
U-620(5-3-3),0,0,0,0,0,0,0
U-621(5-3-3),2,6,0,0,0,0,0
U-622(5-3-3),3,18,0,0,0,0,0
U-623(5-3-3),0,0,1,0,0,0,0
U-624(5-3-3),1,5,0,0,0,0,0
U-625(5-3-3),2,10,0,0,0,0,0
U-626(5-3-3),0,0,0,0,1,0,0
U-627(5-3-3),2,8,1,0,0,0,0
U-628(5-3-3),1,4,0,0,0,0,0
U-629(5-3-3),1,8,0,0,0,0,0
U-630(5-3-3),0,0,0,0,0,0,0
U-631(5-3-3),0,0,0,0,0,0,0
U-632(5-3-3),1,5,0,0,0,0,0
U-633(5-3-3),0,0,0,0,0,0,0
U-634(5-3-3),1,3,0,0,0,0,0
U-635(5-3-3),0,0,1,0,0,1,1
U-636(5-3-3),3,14,0,0,0,0,0
U-637(5-3-3),2,16,0,0,0,0,0
U-638(5-3-3),1,7,0,0,0,0,0
U-639(5-3-3),4,21,0,0,0,0,0
U-640(5-3-3),2,9,0,0,0,0,0
U-641(5-3-3),1,8,0,0,0,0,0
U-642(5-3-3),2,8,0,0,0,0,0
U-643(5-3-3),3,15,0,0,0,0,0
U-644(5-3-3),0,0,1,0,0,0,0
U-645(5-3-3),2,12,0,0,0,0,0
U-646(5-3-3),2,22,0,0,0,0,0
U-647(5-3-3),0,0,0,0,0,0,0
U-648(5-3-3),2,7,0,0,0,0,0
U-649(5-3-3),1,4,0,0,0,0,0
U-650(5-3-3),2,9,0,0,0,0,0
U-651(5-3-3),0,0,1,0,0,0,0
U-652(5-3-3),2,9,0,0,0,0,0
U-653(5-3-3),2,11,0,0,0,0,0
U-654(5-3-3),1,10,0,0,0,0,0
U-655(5-3-3),1,5,0,0,0,0,0
U-656(5-3-3),0,0,1,0,0,0,0
U-657(5-3-3),1,5,0,0,0,0,0
U-658(5-3-3),1,17,0,0,0,0,0
U-659(5-3-3),2,8,0,0,0,0,0
U-660(5-3-3),0,0,1,0,0,0,0
U-661(5-3-3),0,0,1,0,0,0,0
U-662(5-3-3),1,14,0,0,0,0,0
U-663(5-3-3),0,0,0,0,1,0,0
U-664(5-3-3),1,17,0,0,0,0,0
U-665(5-3-3),0,0,0,0,0,0,0
U-666(5-3-3),1,5,0,0,0,0,0
U-667(5-3-3),1,7,0,0,0,0,0
U-668(5-3-3),1,4,0,0,0,0,0
U-669(5-3-3),0,0,0,0,0,0,0
U-670(5-3-3),2,8,0,0,0,0,0
U-671(5-3-3),1,2,0,0,0,0,0
U-672(5-3-3),0,0,0,0,1,0,0
U-673(5-3-3),1,4,0,0,0,0,0
U-674(5-3-3),0,0,0,0,0,0,0
U-675(5-3-3),2,13,0,0,0,0,0
U-676(5-3-3),1,2,0,0,0,0,0
U-677(5-3-3),0,0,0,0,0,0,0
U-678(5-3-3),1,5,0,0,0,0,0
U-679(5-3-3),0,0,1,0,0,0,0
U-680(5-3-3),1,6,0,0,0,0,0
U-681(5-3-3),2,13,0,0,0,0,0
U-682(5-3-3),2,18,0,0,0,0,0
U-683(5-3-3),1,4,0,0,0,0,0
U-684(5-3-3),2,9,0,1,0,0,0
U-685(5-3-3),1,6,0,0,0,0,0
U-686(5-3-3),0,0,0,0,0,0,0
U-687(5-3-3),0,0,0,0,0,0,0
U-688(5-3-3),0,0,0,0,1,0,0
U-689(5-3-3),1,4,0,0,0,0,0
U-690(5-3-3),2,18,0,0,0,0,0
U-691(5-3-3),0,0,0,0,0,0,0
U-692(5-3-3),3,13,0,0,0,0,0
U-693(5-3-3),2,9,0,0,0,0,0
U-694(5-3-3),1,5,0,0,0,0,0
U-695(5-3-3),0,0,0,0,0,0,0
U-696(5-3-3),3,16,0,0,0,0,0
U-697(5-3-3),2,7,0,0,0,0,0
U-698(5-3-3),0,0,0,0,0,0,0
U-699(5-3-3),1,5,0,0,1,0,0
U-700(5-3-3),2,7,0,0,0,0,0
U-701(5-3-3),3,11,0,0,0,0,0
U-702(5-3-3),2,9,0,0,0,0,0
U-703(5-3-3),1,7,1,0,0,0,0
U-704(5-3-3),0,0,1,0,0,0,0
U-705(5-3-3),1,4,0,0,0,0,0
U-706(5-3-3),1,5,0,0,0,0,0
U-707(5-3-3),4,16,0,0,0,0,0
U-708(5-3-3),1,8,0,0,0,0,0
U-709(5-3-3),1,5,0,0,0,0,0
U-710(5-3-3),2,21,0,0,0,0,0
U-711(5-3-3),1,4,0,0,0,0,0
U-712(5-3-3),4,15,0,0,0,0,0
U-713(5-3-3),1,5,0,0,0,0,0
U-714(5-3-3),2,6,0,0,0,0,0
U-715(5-3-3),1,7,0,0,0,0,0
U-716(5-3-3),0,0,0,0,0,0,0
U-717(5-3-3),2,10,0,0,0,0,0
U-718(5-3-3),0,0,0,0,0,0,0
U-719(5-3-3),1,7,0,0,0,0,0
U-720(5-3-3),0,0,0,0,0,0,0
U-721(5-3-3),3,17,0,0,0,0,0
U-722(5-3-3),0,0,1,0,0,0,0
U-723(5-3-3),1,5,0,0,0,0,0
U-724(5-3-3),0,0,0,0,1,0,0
U-725(5-3-3),1,5,0,0,0,0,0
U-726(5-3-3),1,7,0,0,0,0,0
U-727(5-3-3),1,5,0,0,0,0,0
U-728(5-3-3),3,14,0,0,0,0,0
U-729(5-3-3),1,5,0,0,0,0,0
U-730(5-3-3),2,10,0,0,0,0,0
U-731(5-3-3),1,7,0,0,0,0,0
U-732(5-3-3),0,0,0,0,0,0,0
U-733(5-3-3),2,9,0,0,1,0,0
U-734(5-3-3),2,12,0,0,0,0,0
U-735(5-3-3),1,4,0,0,0,0,0
U-736(5-3-3),2,5,0,0,0,0,0
U-737(5-3-3),1,5,1,0,0,0,0
U-738(5-3-3),1,7,0,0,0,0,0
U-739(5-3-3),3,18,0,0,0,0,0
U-740(5-3-3),1,5,0,0,0,0,0
U-741(5-3-3),2,13,1,0,0,0,0
U-742(5-3-3),1,4,0,0,0,0,0
U-743(5-3-3),0,0,0,0,0,0,0
U-744(5-3-3),2,10,0,0,0,0,0
U-745(5-3-3),1,5,0,0,0,0,0
U-746(5-3-3),0,0,0,0,1,0,0
U-747(5-3-3),1,7,0,0,0,0,0
U-748(5-3-3),2,12,0,0,0,0,0
U-749(5-3-3),0,0,0,0,0,0,0
U-750(5-3-3),2,16,0,0,0,0,0
U-751(5-3-3),2,10,0,0,0,0,0
U-752(5-3-3),2,14,0,0,0,0,0
U-753(5-3-3),3,9,0,0,0,0,0
U-754(5-3-3),1,5,0,0,0,0,0
U-755(5-3-3),2,14,0,0,0,0,0
U-756(5-3-3),1,5,0,0,0,0,0
U-757(5-3-3),0,0,0,0,0,0,0
U-758(5-3-3),1,7,0,0,0,0,0
U-759(5-3-3),1,2,0,0,0,0,0
U-760(5-3-3),0,0,0,0,1,0,0
U-761(5-3-3),0,0,0,0,0,0,0
U-762(5-3-3),2,9,0,0,0,0,0
U-763(5-3-3),2,9,0,0,0,0,0
U-764(5-3-3),1,7,0,0,0,0,0
U-765(5-3-3),0,0,0,0,0,0,0
U-766(5-3-3),1,5,0,0,0,0,0
U-767(5-3-3),2,12,0,0,0,0,0
U-768(5-3-3),0,0,0,0,0,0,0
U-769(5-3-3),2,9,0,0,0,0,0
U-770(5-3-3),0,0,0,0,0,0,0
U-771(5-3-3),0,0,1,0,0,0,0
U-772(5-3-3),1,7,0,0,0,0,0
U-773(5-3-3),2,16,0,0,0,0,0
U-774(5-3-3),0,0,1,0,0,0,0
U-775(5-3-3),0,0,0,0,0,0,0
U-776(5-3-3),1,7,0,0,0,0,0
U-777(5-3-3),0,0,0,0,0,0,0
U-778(5-3-3),1,8,0,0,0,0,0
U-779(5-3-3),1,5,0,0,1,0,0
U-780(5-3-3),1,4,0,0,1,0,0
U-781(5-3-3),1,7,1,0,0,1,1
U-782(5-3-3),2,8,0,0,0,0,0
U-783(5-3-3),2,12,0,0,0,0,0
U-784(5-3-3),1,5,0,0,0,0,0
U-785(5-3-3),2,16,0,0,0,0,0
U-786(5-3-3),1,4,1,0,0,1,1
U-787(5-3-3),2,10,0,0,0,0,0
U-788(5-3-3),0,0,0,0,0,0,0
U-789(5-3-3),1,4,0,0,0,0,0
U-790(5-3-3),0,0,0,0,0,0,0
U-791(5-3-3),0,0,0,0,0,0,0
U-792(5-3-3),1,2,1,0,0,0,0
U-793(5-3-3),1,6,0,0,0,0,0
U-794(5-3-3),1,5,0,0,0,0,0
U-795(5-3-3),3,11,0,0,0,0,0
U-796(5-3-3),1,10,0,0,0,0,0
U-797(5-3-3),1,6,0,0,0,0,0
U-798(5-3-3),3,19,0,0,0,0,0
U-799(5-3-3),1,2,0,0,0,0,0
U-800(5-3-3),2,9,0,0,0,0,0
U-801(5-3-3),0,0,0,0,0,0,0
U-802(5-3-3),0,0,0,0,0,0,0
U-803(5-3-3),3,8,0,0,0,0,0
U-804(5-3-3),1,17,0,0,0,0,0
U-805(5-3-3),2,10,0,0,0,0,0
U-806(5-3-3),1,4,0,0,0,0,0
U-807(5-3-3),2,10,0,0,0,0,0
U-808(5-3-3),1,5,0,0,0,0,0
U-809(5-3-3),3,10,0,0,0,0,0
U-810(5-3-3),0,0,0,0,0,0,0
U-811(5-3-3),0,0,0,0,1,0,0
U-812(5-3-3),1,5,0,0,0,0,0
U-813(5-3-3),2,8,0,0,0,0,0
U-814(5-3-3),3,20,0,0,0,0,0
U-815(5-3-3),1,5,0,0,0,0,0
U-816(5-3-3),1,3,0,0,0,0,0
U-817(5-3-3),0,0,0,0,0,0,0
U-818(5-3-3),0,0,0,0,0,0,0
U-819(5-3-3),2,9,0,0,0,0,0
U-820(5-3-3),1,17,0,0,0,0,0
U-821(5-3-3),2,9,0,0,0,0,0
U-822(5-3-3),0,0,0,0,0,0,0
U-823(5-3-3),1,9,0,0,0,0,0
U-824(5-3-3),2,9,0,0,1,0,0
U-825(5-3-3),1,5,0,0,0,0,0
U-826(5-3-3),2,6,0,0,0,0,0
U-827(5-3-3),2,12,0,0,0,0,0
U-828(5-3-3),3,8,0,0,0,0,0
U-829(5-3-3),1,2,0,0,0,0,0
U-830(5-3-3),0,0,0,0,0,0,0
U-831(5-3-3),0,0,0,0,0,0,0
U-832(5-3-3),1,3,0,0,0,0,0
U-833(5-3-3),0,0,1,0,0,0,0
U-834(5-3-3),0,0,0,0,0,0,0
U-835(5-3-3),2,6,0,0,0,0,0
U-836(5-3-3),2,8,0,0,0,0,0
U-837(5-3-3),1,4,0,0,0,0,0
U-838(5-3-3),2,13,0,0,0,0,0
U-839(5-3-3),2,9,0,0,0,0,0
U-840(5-3-3),0,0,0,0,0,0,0
U-841(5-3-3),1,6,0,0,0,0,0
U-842(5-3-3),1,4,0,0,0,0,0
U-843(5-3-3),3,12,0,0,0,0,0
U-844(5-3-3),0,0,0,0,0,0,0
U-845(5-3-3),4,18,0,0,0,0,0
U-846(5-3-3),0,0,0,0,0,0,0
U-847(5-3-3),3,33,0,0,0,0,0
U-848(5-3-3),1,7,0,0,0,0,0
U-849(5-3-3),0,0,0,0,0,0,0
U-850(5-3-3),0,0,0,0,0,0,0
U-851(5-3-3),0,0,0,0,0,0,0
U-852(5-3-3),0,0,0,0,0,0,0
U-853(5-3-3),2,10,0,0,0,0,0
U-854(5-3-3),1,2,0,1,0,0,0
U-855(5-3-3),1,5,0,0,0,0,0
U-856(5-3-3),2,13,0,0,0,0,0
U-857(5-3-3),1,5,0,0,0,0,0
U-858(5-3-3),1,8,0,0,0,0,0
U-859(5-3-3),2,17,0,0,1,0,0
U-860(5-3-3),2,17,0,0,0,0,0
U-861(5-3-3),1,8,1,0,0,1,1
U-862(5-3-3),1,4,0,0,0,0,0
U-863(5-3-3),1,5,0,0,0,0,0
U-864(5-3-3),3,14,0,0,0,0,0
U-865(5-3-3),0,0,0,0,0,0,0
U-866(5-3-3),2,10,0,0,0,0,0
U-867(5-3-3),0,0,0,0,0,0,0
U-868(5-3-3),1,5,0,0,0,0,0
U-869(5-3-3),0,0,0,0,0,0,0
U-870(5-3-3),2,13,0,0,0,0,0
U-871(5-3-3),0,0,0,0,0,0,0
U-872(5-3-3),1,5,0,0,0,0,0
U-873(5-3-3),0,0,0,0,0,0,0
U-874(5-3-3),1,8,0,0,0,0,0
U-875(5-3-3),2,7,0,0,0,0,0
U-876(5-3-3),2,14,0,0,0,0,0
U-877(5-3-3),1,20,0,0,0,0,0
U-878(5-3-3),1,5,0,0,0,0,0
U-879(5-3-3),2,10,0,0,0,0,0
U-880(5-3-3),2,6,0,0,0,0,0
U-881(5-3-3),2,10,0,0,0,0,0
U-882(5-3-3),3,18,0,0,0,0,0
U-883(5-3-3),3,22,0,0,0,0,0
U-884(5-3-3),2,24,0,0,0,0,0
U-885(5-3-3),1,4,0,0,0,0,0
U-886(5-3-3),2,8,0,0,0,0,0
U-887(5-3-3),2,18,0,0,0,0,0
U-888(5-3-3),3,8,0,0,0,0,0
U-889(5-3-3),1,9,0,0,0,0,0
U-890(5-3-3),0,0,0,0,0,0,0
U-891(5-3-3),0,0,0,0,0,0,0
U-892(5-3-3),1,5,0,0,0,0,0
U-893(5-3-3),2,7,0,0,0,0,0
U-894(5-3-3),2,14,0,0,0,0,0
U-895(5-3-3),1,7,0,0,0,0,0
U-896(5-3-3),1,9,1,0,0,0,0
U-897(5-3-3),1,6,0,0,0,0,0
U-898(5-3-3),2,13,0,0,0,0,0
U-899(5-3-3),2,9,0,0,0,0,0
U-900(5-3-3),0,0,0,0,0,0,0
U-901(5-3-3),0,0,0,0,0,0,0
U-902(5-3-3),0,0,0,0,0,0,0
U-903(5-3-3),0,0,1,0,0,0,0
U-904(5-3-3),2,15,0,1,0,0,0
U-905(5-3-3),1,5,0,0,0,0,0
U-906(5-3-3),0,0,0,0,0,0,0
U-907(5-3-3),0,0,0,0,0,0,0
U-908(5-3-3),1,6,0,0,0,0,0
U-909(5-3-3),1,5,0,0,0,0,0
U-910(5-3-3),1,5,0,0,0,0,0
U-911(5-3-3),0,0,0,0,0,0,0
U-912(5-3-3),2,11,0,0,0,0,0
U-913(5-3-3),2,15,0,0,0,0,0
U-914(5-3-3),1,5,0,0,0,0,0
U-915(5-3-3),2,9,0,0,0,0,0
U-916(5-3-3),0,0,0,0,0,0,0
U-917(5-3-3),1,5,0,0,0,0,0
U-918(5-3-3),0,0,0,0,0,0,0
U-919(5-3-3),0,0,0,0,0,0,0
U-920(5-3-3),2,10,0,0,0,0,0
U-921(5-3-3),2,6,0,0,0,0,0
U-922(5-3-3),0,0,0,0,0,0,0
U-923(5-3-3),1,5,0,0,0,0,0
U-924(5-3-3),1,4,0,0,0,0,0
U-925(5-3-3),3,16,0,0,0,0,0
U-926(5-3-3),0,0,0,0,0,0,0
U-927(5-3-3),1,5,0,0,0,0,0
U-928(5-3-3),2,10,0,0,0,0,0
U-929(5-3-3),1,4,0,0,0,0,0
U-930(5-3-3),0,0,0,0,0,0,0
U-931(5-3-3),0,0,0,0,0,0,0
U-932(5-3-3),1,5,0,0,0,0,0
U-933(5-3-3),1,4,0,0,0,0,0
U-934(5-3-3),0,0,0,0,0,0,0
U-935(5-3-3),3,15,0,0,0,0,0
U-936(5-3-3),0,0,0,0,0,0,0
U-937(5-3-3),0,0,0,0,0,0,0
U-938(5-3-3),1,2,1,0,0,0,0
U-939(5-3-3),1,2,0,0,0,0,0
U-940(5-3-3),2,16,0,0,0,0,0
U-941(5-3-3),1,5,0,0,0,0,0
U-942(5-3-3),1,5,0,0,0,0,0
U-943(5-3-3),3,15,0,0,0,0,0
U-944(5-3-3),4,19,0,0,0,0,0
U-945(5-3-3),2,17,0,0,0,0,0
U-946(5-3-3),0,0,0,0,0,0,0
U-947(5-3-3),0,0,0,0,0,0,0
U-948(5-3-3),1,5,0,0,0,0,0
U-949(5-3-3),2,14,0,0,0,0,0
U-950(5-3-3),2,9,0,0,0,0,0
U-951(5-3-3),1,5,0,0,0,0,0
U-952(5-3-3),3,8,0,0,0,0,0
U-953(5-3-3),1,5,0,0,0,0,0
U-954(5-3-3),2,7,0,0,0,0,0
U-955(5-3-3),0,0,1,0,0,0,0
U-956(5-3-3),1,2,0,0,0,0,0
U-957(5-3-3),0,0,0,0,0,0,0
U-958(5-3-3),1,10,0,0,0,0,0
U-959(5-3-3),1,4,0,0,0,0,0
U-960(5-3-3),2,6,0,0,0,0,0
U-961(5-3-3),1,5,0,0,0,0,0
U-962(5-3-3),0,0,0,0,0,0,0
U-963(5-3-3),0,0,1,0,0,1,1
U-964(5-3-3),2,4,1,0,0,1,1
U-965(5-3-3),1,6,0,0,0,0,0
U-966(5-3-3),1,2,0,0,0,0,0
U-967(5-3-3),2,4,0,0,0,0,0
U-968(5-3-3),1,7,0,0,0,0,0
U-969(5-3-3),1,4,0,0,0,0,0
U-970(5-3-3),2,13,0,0,0,0,0
U-971(5-3-3),1,10,0,0,0,0,0
U-972(5-3-3),0,0,0,0,0,0,0
U-973(5-3-3),1,2,0,0,0,0,0
U-974(5-3-3),0,0,1,0,0,1,1
U-975(5-3-3),0,0,1,0,0,0,0
U-976(5-3-3),2,10,0,0,0,0,0
U-977(5-3-3),1,2,0,0,1,0,0
U-978(5-3-3),1,4,0,0,0,0,0
U-979(5-3-3),1,9,0,0,0,0,0
U-980(5-3-3),0,0,0,0,0,0,0
U-981(5-3-3),3,11,0,0,0,0,0
U-982(5-3-3),1,5,0,0,0,0,0
U-983(5-3-3),1,5,0,0,0,0,0
U-984(5-3-3),0,0,1,0,0,0,0
U-985(5-3-3),1,2,0,0,0,0,0
U-986(5-3-3),3,21,0,0,0,0,0
U-987(5-3-3),3,12,0,0,0,0,0
U-988(5-3-3),2,14,0,0,0,0,0
U-989(5-3-3),1,5,0,0,0,0,0
U-990(5-3-3),1,6,0,0,0,0,0
U-991(5-3-3),0,0,1,0,0,0,0
U-992(5-3-3),2,13,0,0,0,0,0
U-993(5-3-3),1,6,0,0,0,0,0
U-994(5-3-3),4,11,0,0,0,0,0
U-995(5-3-3),1,5,0,0,0,0,0
U-996(5-3-3),0,0,0,0,0,0,0
U-997(5-3-3),1,6,0,0,0,0,0
U-998(5-3-3),4,20,0,0,0,0,0
U-999(5-3-3),0,0,0,0,0,0,0
U-1000(5-3-3),1,5,0,0,0,0,0
U-1001(5-3-3),0,0,0,0,0,0,0
U-1002(5-3-3),1,7,0,0,0,0,0
U-1003(5-3-3),0,0,0,0,0,0,0
U-1004(5-3-3),2,8,0,0,0,0,0
U-1005(5-3-3),0,0,0,0,0,0,0
U-1006(5-3-3),0,0,0,0,0,0,0
U-1007(5-3-3),2,6,0,0,0,0,0
U-1008(5-3-3),1,5,0,0,0,0,0
U-1009(5-3-3),2,15,0,0,0,0,0
U-1010(5-3-3),0,0,0,0,0,0,0
U-1011(5-3-3),1,5,0,0,0,0,0
U-1012(5-3-3),1,5,0,0,0,0,0
U-1013(5-3-3),0,0,0,0,0,0,0
U-1014(5-3-3),1,4,0,0,0,0,0
U-1015(5-3-3),1,5,0,0,0,0,0
U-1016(5-3-3),2,8,0,0,0,0,0
U-1017(5-3-3),3,14,0,0,0,0,0
U-1018(5-3-3),2,9,0,0,0,0,0
U-1019(5-3-3),1,5,0,0,0,0,0
U-1020(5-3-3),0,0,0,0,0,0,0
U-1021(5-3-3),2,14,0,0,0,0,0
U-1022(5-3-3),1,4,0,0,0,0,0
U-1023(5-3-3),2,13,0,0,0,0,0
U-1024(5-3-3),0,0,0,0,0,0,0
U-1025(5-3-3),1,6,0,0,0,0,0
U-1026(5-3-3),3,9,0,0,0,0,0
U-1027(5-3-3),1,5,0,0,0,0,0
U-1028(5-3-3),0,0,0,0,0,0,0
U-1029(5-3-3),0,0,0,0,0,0,0
U-1030(5-3-3),1,4,0,0,0,0,0
U-1031(5-3-3),2,11,0,0,0,0,0
U-1032(5-3-3),1,2,0,0,0,0,0
U-1033(5-3-3),2,6,0,1,0,0,0
U-1034(5-3-3),1,12,0,0,0,0,0
U-1035(5-3-3),2,10,0,0,0,0,0
U-1036(5-3-3),2,9,0,0,0,0,0
U-1037(5-3-3),0,0,0,0,0,0,0
U-1038(5-3-3),0,0,0,0,0,0,0
U-1039(5-3-3),3,11,0,0,0,0,0
U-1040(5-3-3),3,15,0,0,0,0,0
U-1041(5-3-3),1,4,0,0,0,0,0
U-1042(5-3-3),2,8,0,0,0,0,0
U-1043(5-3-3),2,17,0,0,0,0,0
U-1044(5-3-3),2,4,0,0,0,0,0
U-1045(5-3-3),2,9,0,0,0,0,0
U-1046(5-3-3),1,10,0,0,0,0,0
U-1047(5-3-3),1,5,0,0,0,0,0
U-1048(5-3-3),1,8,0,0,0,0,0
U-1049(5-3-3),1,8,0,0,0,0,0
U-1050(5-3-3),1,6,0,0,0,0,0
U-1051(5-3-3),1,3,0,0,0,0,0
U-1052(5-3-3),1,2,0,0,0,0,0
U-1053(5-3-3),2,9,0,0,0,0,0
U-1054(5-3-3),2,9,0,0,0,0,0
U-1055(5-3-3),2,7,0,0,0,0,0
U-1056(5-3-3),0,0,0,0,0,0,0
U-1057(5-3-3),1,6,0,0,0,0,0
U-1058(5-3-3),0,0,0,0,0,0,0
U-1059(5-3-3),2,6,0,0,0,0,0
U-1060(5-3-3),0,0,0,0,0,0,0
U-1061(5-3-3),1,7,0,0,0,0,0
U-1062(5-3-3),0,0,0,0,0,0,0
U-1063(5-3-3),2,9,0,0,0,0,0
U-1064(5-3-3),1,4,0,0,0,0,0
U-1065(5-3-3),2,8,0,0,0,0,0
U-1066(5-3-3),2,7,0,0,0,0,0
U-1067(5-3-3),1,5,0,0,0,0,0
U-1068(5-3-3),1,3,0,0,0,0,0
U-1069(5-3-3),2,6,0,0,0,0,0
U-1070(5-3-3),0,0,0,0,0,0,0
U-1071(5-3-3),1,4,0,0,0,0,0
U-1072(5-3-3),3,17,0,0,0,0,0
U-1073(5-3-3),1,10,0,0,0,0,0
U-1074(5-3-3),0,0,1,0,0,0,0
U-1075(5-3-3),1,6,0,0,0,0,0
U-1076(5-3-3),0,0,0,0,0,0,0
U-1077(5-3-3),0,0,0,0,0,0,0
U-1078(5-3-3),3,16,0,0,0,0,0
U-1079(5-3-3),2,15,0,0,0,0,0
U-1080(5-3-3),3,19,0,0,0,0,0
U-1081(5-3-3),0,0,0,0,0,0,0
U-1082(5-3-3),2,10,0,0,0,0,0
U-1083(5-3-3),2,10,0,0,0,0,0
U-1084(5-3-3),0,0,0,0,0,0,0
U-1085(5-3-3),1,6,0,0,0,0,0
U-1086(5-3-3),1,6,0,0,0,0,0
U-1087(5-3-3),1,3,0,0,0,0,0
U-1088(5-3-3),2,11,0,0,0,0,0
U-1089(5-3-3),1,2,0,0,0,0,0
U-1090(5-3-3),0,0,0,0,0,0,0
U-1091(5-3-3),2,7,0,0,0,0,0
U-1092(5-3-3),1,2,0,0,0,0,0
U-1093(5-3-3),0,0,0,0,0,0,0
U-1094(5-3-3),3,11,0,0,0,0,0
U-1095(5-3-3),2,10,0,0,0,0,0
U-1096(5-3-3),1,7,0,0,0,0,0
U-1097(5-3-3),2,11,0,0,0,0,0
U-1098(5-3-3),0,0,0,0,0,0,0
U-1099(5-3-3),1,4,0,0,0,0,0
U-1100(5-3-3),1,6,0,0,0,0,0
U-1101(5-3-3),0,0,0,0,0,0,0
U-1102(5-3-3),2,11,0,0,0,0,0
U-1103(5-3-3),1,5,0,0,0,0,0
U-1104(5-3-3),1,3,0,0,0,0,0
U-1105(5-3-3),1,7,0,1,0,0,0
U-1106(5-3-3),0,0,0,0,0,0,0
U-1107(5-3-3),0,0,0,0,0,0,0
U-1108(5-3-3),2,8,0,0,0,0,0
U-1109(5-3-3),3,26,0,0,0,0,0
U-1110(5-3-3),0,0,0,0,0,0,0
U-1111(5-3-3),1,9,0,0,0,0,0
U-1112(5-3-3),0,0,0,0,0,0,0
U-1113(5-3-3),0,0,0,0,0,0,0
U-1114(5-3-3),0,0,0,0,0,0,0
U-1115(5-3-3),2,9,1,0,0,1,1
U-1116(5-3-3),1,6,0,0,0,0,0
U-1117(5-3-3),2,24,0,0,0,0,0
U-1118(5-3-3),1,7,0,0,0,0,0
U-1119(5-3-3),3,13,0,0,0,0,0
U-1120(5-3-3),0,0,1,0,0,0,0
U-1121(5-3-3),0,0,1,0,0,0,0
U-1122(5-3-3),1,7,0,0,0,0,0
U-1123(5-3-3),2,11,0,0,0,0,0
U-1124(5-3-3),1,2,0,0,0,0,0
U-1125(5-3-3),2,16,0,0,0,0,0
U-1126(5-3-3),0,0,0,0,0,0,0
U-1127(5-3-3),2,10,0,1,0,0,0
U-1128(5-3-3),1,4,0,0,0,0,0
U-1129(5-3-3),1,5,0,0,0,0,0
U-1130(5-3-3),3,12,0,0,0,0,0
U-1131(5-3-3),1,3,1,0,0,0,0
U-1132(5-3-3),0,0,0,0,1,0,0
U-1133(5-3-3),0,0,0,0,0,0,0
U-1134(5-3-3),2,9,0,0,0,0,0
U-1135(5-3-3),2,26,0,0,0,0,0
U-1136(5-3-3),0,0,0,0,0,0,0
U-1137(5-3-3),0,0,0,0,0,0,0
U-1138(5-3-3),1,4,1,0,0,0,0
U-1139(5-3-3),1,3,0,0,0,0,0
U-1140(5-3-3),2,11,0,0,0,0,0
U-1141(5-3-3),0,0,0,0,0,0,0
U-1142(5-3-3),0,0,0,0,0,0,0
U-1143(5-3-3),3,31,0,0,0,0,0
U-1144(5-3-3),1,5,0,0,0,0,0
U-1145(5-3-3),2,8,0,0,0,0,0
U-1146(5-3-3),1,5,0,0,0,0,0
U-1147(5-3-3),1,2,0,0,0,0,0
U-1148(5-3-3),0,0,0,0,0,0,0
U-1149(5-3-3),2,14,0,0,0,0,0
U-1150(5-3-3),2,7,0,0,0,0,0
U-1151(5-3-3),1,5,0,0,0,0,0
U-1152(5-3-3),0,0,0,0,0,0,0
U-1153(5-3-3),3,18,0,0,0,0,0
U-1154(5-3-3),1,3,0,0,0,0,0
U-1155(5-3-3),2,12,0,0,0,0,0
U-1156(5-3-3),1,6,0,0,0,0,0
U-1157(5-3-3),1,2,0,0,0,0,0
U-1158(5-3-3),3,11,0,0,0,0,0
U-1159(5-3-3),2,8,0,0,0,0,0
U-1160(5-3-3),1,7,0,0,0,0,0
U-1161(5-3-3),0,0,0,0,1,0,0
U-1162(5-3-3),1,2,0,1,0,0,0
U-1163(5-3-3),0,0,0,0,0,0,0
U-1164(5-3-3),2,10,0,0,0,0,0
U-1165(5-3-3),0,0,1,0,0,0,0
U-1166(5-3-3),1,6,0,0,0,0,0
U-1167(5-3-3),0,0,0,0,0,0,0
U-1168(5-3-3),2,10,0,0,0,0,0
U-1169(5-3-3),3,10,0,0,0,0,0
U-1170(5-3-3),1,7,1,0,0,0,0
U-1171(5-3-3),2,7,0,0,0,0,0
U-1172(5-3-3),2,10,0,0,0,0,0
U-1173(5-3-3),2,5,0,0,0,0,0
U-1174(5-3-3),4,14,0,0,0,0,0
U-1175(5-3-3),0,0,1,0,0,1,1
U-1176(5-3-3),0,0,0,0,0,0,0
U-1177(5-3-3),1,6,0,0,0,0,0
U-1178(5-3-3),1,3,0,0,0,0,0
U-1179(5-3-3),1,5,0,0,0,0,0
U-1180(5-3-3),0,0,0,0,0,0,0
U-1181(5-3-3),0,0,0,0,0,0,0
U-1182(5-3-3),1,5,0,0,0,0,0
U-1183(5-3-3),0,0,0,0,0,0,0
U-1184(5-3-3),1,5,0,0,0,0,0
U-1185(5-3-3),1,6,0,0,0,0,0
U-1186(5-3-3),0,0,0,0,0,0,0
U-1187(5-3-3),0,0,0,0,0,0,0
U-1188(5-3-3),3,14,0,0,0,0,0
U-1189(5-3-3),2,8,0,0,0,0,0
U-1190(5-3-3),1,5,0,0,0,0,0
U-1191(5-3-3),1,6,0,0,0,0,0
U-1192(5-3-3),0,0,0,0,0,0,0
U-1193(5-3-3),0,0,0,0,0,0,0
U-1194(5-3-3),0,0,0,0,0,0,0
U-1195(5-3-3),2,12,0,0,0,0,0
U-1196(5-3-3),3,14,0,0,0,0,0
U-1197(5-3-3),1,8,0,0,0,0,0
U-1198(5-3-3),0,0,0,0,0,0,0
U-1199(5-3-3),2,7,0,0,0,0,0
U-1200(5-3-3),1,8,0,0,0,0,0
U-1201(5-3-3),0,0,0,0,0,0,0
U-1202(5-3-3),2,11,0,0,0,0,0
U-1203(5-3-3),3,21,0,0,0,0,0
U-1204(5-3-3),2,12,0,0,0,0,0
U-1205(5-3-3),0,0,0,0,0,0,0
U-1206(5-3-3),1,6,0,0,0,0,0
U-1207(5-3-3),1,5,0,0,0,0,0
U-1208(5-3-3),1,8,0,0,0,0,0
U-1209(5-3-3),2,12,0,0,0,0,0
U-1210(5-3-3),2,17,0,0,0,0,0
U-1211(5-3-3),0,0,0,0,0,0,0
U-1212(5-3-3),1,5,0,0,0,0,0
U-1213(5-3-3),2,10,0,0,0,0,0
U-1214(5-3-3),1,2,0,0,1,0,0
U-1215(5-3-3),0,0,0,0,0,0,0
U-1216(5-3-3),0,0,0,0,0,0,0
U-1217(5-3-3),1,5,0,0,0,0,0
U-1218(5-3-3),4,6,0,0,0,0,0
U-1219(5-3-3),1,7,0,0,0,0,0
U-1220(5-3-3),1,2,0,0,0,0,0
U-1221(5-3-3),1,5,0,0,0,0,0
U-1222(5-3-3),0,0,0,0,0,0,0
U-1223(5-3-3),2,12,0,0,0,0,0
U-1224(5-3-3),0,0,0,0,0,0,0
U-1225(5-3-3),3,25,0,0,0,0,0
U-1226(5-3-3),1,5,0,0,0,0,0
U-1227(5-3-3),1,2,0,0,0,0,0
U-1228(5-3-3),1,5,0,0,0,0,0
U-1229(5-3-3),3,11,0,0,0,0,0
U-1230(5-3-3),1,4,0,0,0,0,0
U-1231(5-3-3),1,8,0,0,0,0,0
U-1232(5-3-3),0,0,0,0,0,0,0
U-1233(5-3-3),1,2,0,1,0,0,0
U-1234(5-3-3),1,2,0,0,0,0,0
U-1235(5-3-3),1,5,0,0,0,0,0
U-1236(5-3-3),0,0,0,0,0,0,0
U-1237(5-3-3),1,6,0,0,0,0,0
U-1238(5-3-3),1,5,0,0,0,0,0
U-1239(5-3-3),2,7,0,0,0,0,0
U-1240(5-3-3),2,7,0,0,0,0,0
U-1241(5-3-3),0,0,0,0,0,0,0
U-1242(5-3-3),2,11,0,0,0,0,0
U-1243(5-3-3),2,4,0,0,0,0,0
U-1244(5-3-3),0,0,0,0,0,0,0
U-1245(5-3-3),2,11,0,0,0,0,0
U-1246(5-3-3),2,4,0,0,0,0,0
U-1247(5-3-3),0,0,0,0,1,0,0
U-1248(5-3-3),1,5,0,0,0,0,0
U-1249(5-3-3),0,0,1,0,0,0,0
U-1250(5-3-3),2,10,0,0,0,0,0
U-1251(5-3-3),3,6,0,0,0,0,0
U-1252(5-3-3),1,6,0,0,0,0,0
U-1253(5-3-3),0,0,0,0,0,0,0
U-1254(5-3-3),1,4,0,0,0,0,0
U-1255(5-3-3),1,6,0,0,1,0,0
U-1256(5-3-3),1,5,0,0,0,0,0
U-1257(5-3-3),0,0,0,0,0,0,0
U-1258(5-3-3),1,5,0,0,0,0,0
U-1259(5-3-3),0,0,0,0,0,0,0
U-1260(5-3-3),1,4,0,0,0,0,0
U-1261(5-3-3),1,6,0,0,0,0,0
U-1262(5-3-3),1,5,1,0,0,1,1
U-1263(5-3-3),1,1,0,0,0,0,0
U-1264(5-3-3),1,7,0,0,0,0,0
U-1265(5-3-3),0,0,1,0,0,1,1
U-1266(5-3-3),0,0,1,0,0,0,0
U-1267(5-3-3),1,4,0,0,0,0,0
U-1268(5-3-3),0,0,0,0,0,0,0
U-1269(5-3-3),1,5,1,0,0,0,0
U-1270(5-3-3),1,6,0,0,0,0,0
U-1271(5-3-3),0,0,0,0,0,0,0
U-1272(5-3-3),2,7,0,0,0,0,0
U-1273(5-3-3),3,16,0,0,0,0,0
U-1274(5-3-3),0,0,0,0,0,0,0
U-1275(5-3-3),1,4,0,0,0,0,0
U-1276(5-3-3),0,0,0,0,0,0,0
U-1277(5-3-3),2,10,0,0,0,0,0
U-1278(5-3-3),2,9,0,0,0,0,0
U-1279(5-3-3),0,0,0,0,0,0,0
U-1280(5-3-3),1,6,0,0,0,0,0
U-1281(5-3-3),2,8,0,0,0,0,0
U-1282(5-3-3),3,14,0,0,0,0,0
U-1283(5-3-3),0,0,0,0,0,0,0
U-1284(5-3-3),1,8,0,0,0,0,0
U-1285(5-3-3),2,12,0,0,0,0,0
U-1286(5-3-3),0,0,1,0,0,0,0
U-1287(5-3-3),0,0,0,0,0,0,0
U-1288(5-3-3),1,4,0,0,0,0,0
U-1289(5-3-3),0,0,0,0,1,0,0
U-1290(5-3-3),0,0,0,0,1,0,0
U-1291(5-3-3),2,8,0,0,0,0,0
U-1292(5-3-3),2,10,0,0,0,0,0
U-1293(5-3-3),2,12,0,0,0,0,0
U-1294(5-3-3),3,16,0,0,0,0,0
U-1295(5-3-3),0,0,0,0,0,0,0
U-1296(5-3-3),3,11,0,0,0,0,0
U-1297(5-3-3),2,10,1,0,0,0,0
U-1298(5-3-3),0,0,0,0,0,0,0
U-1299(5-3-3),2,12,0,0,0,0,0
U-1300(5-3-3),1,6,0,0,0,0,0
U-1301(5-3-3),0,0,0,0,1,0,0
U-1302(5-3-3),0,0,0,0,0,0,0
U-1303(5-3-3),0,0,0,0,0,0,0
U-1304(5-3-3),1,8,1,0,0,0,0
U-1305(5-3-3),0,0,1,0,0,1,1
U-1306(5-3-3),0,0,0,0,0,0,0
U-1307(5-3-3),2,3,0,0,0,0,0
U-1308(5-3-3),1,2,0,0,0,0,0
U-1309(5-3-3),0,0,0,0,1,0,0
U-1310(5-3-3),2,9,0,0,0,0,0
U-1311(5-3-3),0,0,1,0,0,1,1
U-1312(5-3-3),2,11,0,0,0,0,0
U-1313(5-3-3),0,0,0,0,0,0,0
U-1314(5-3-3),1,7,0,0,0,0,0
U-1315(5-3-3),1,5,0,0,0,0,0
U-1316(5-3-3),2,14,0,0,0,0,0
U-1317(5-3-3),1,8,0,0,0,0,0
U-1318(5-3-3),2,8,0,0,0,0,0
U-1319(5-3-3),2,13,0,0,0,0,0
U-1320(5-3-3),0,0,0,0,0,0,0
U-1321(5-3-3),0,0,0,0,0,0,0
U-1322(5-3-3),2,12,0,0,0,0,0
U-1323(5-3-3),1,6,0,0,0,0,0
U-1324(5-3-3),0,0,0,0,0,0,0
U-1325(5-3-3),1,4,1,0,0,0,0
U-1326(5-3-3),0,0,0,0,0,0,0
U-1327(5-3-3),2,7,0,0,0,0,0
U-1328(5-3-3),0,0,0,0,0,0,0
U-1329(5-3-3),1,5,0,0,0,0,0
U-1330(5-3-3),1,5,0,0,0,0,0
U-1331(5-3-3),3,10,0,0,0,0,0
U-1332(5-3-3),1,4,1,0,0,0,0
U-1333(5-3-3),0,0,0,0,0,0,0
U-1334(5-3-3),0,0,0,0,0,0,0
U-1335(5-3-3),2,7,0,0,0,0,0
U-1336(5-3-3),0,0,0,0,0,0,0
U-1337(5-3-3),2,13,0,0,0,0,0
U-1338(5-3-3),0,0,0,0,0,0,0
U-1339(5-3-3),1,5,0,0,0,0,0
U-1340(5-3-3),2,15,0,0,0,0,0
U-1341(5-3-3),1,6,0,0,0,0,0
U-1342(5-3-3),0,0,0,0,0,0,0
U-1343(5-3-3),1,3,0,0,0,0,0
U-1344(5-3-3),0,0,0,0,0,0,0
U-1345(5-3-3),1,4,0,0,0,0,0
U-1346(5-3-3),3,9,0,0,0,0,0
U-1347(5-3-3),2,8,0,0,0,0,0
U-1348(5-3-3),1,2,1,0,0,0,0
U-1349(5-3-3),1,2,0,0,0,0,0
U-1350(5-3-3),0,0,1,0,0,1,1
U-1351(5-3-3),2,13,0,0,0,0,0
U-1352(5-3-3),2,8,0,0,0,0,0
U-1353(5-3-3),1,9,0,0,0,0,0
U-1354(5-3-3),4,11,0,0,0,0,0
U-1355(5-3-3),2,8,0,0,0,0,0
U-1356(5-3-3),2,13,0,0,0,0,0
U-1357(5-3-3),3,16,0,0,0,0,0
U-1358(5-3-3),2,10,0,0,0,0,0
U-1359(5-3-3),0,0,1,0,0,0,0
U-1360(5-3-3),1,4,0,0,0,0,0
U-1361(5-3-3),1,10,0,0,0,0,0
U-1362(5-3-3),0,0,0,0,0,0,0
U-1363(5-3-3),0,0,0,0,0,0,0
U-1364(5-3-3),1,5,0,0,0,0,0
U-1365(5-3-3),0,0,0,0,0,0,0
U-1366(5-3-3),2,9,0,0,0,0,0
U-1367(5-3-3),1,7,0,0,0,0,0
U-1368(5-3-3),1,6,0,0,0,0,0
U-1369(5-3-3),1,4,0,0,0,0,0
U-1370(5-3-3),1,8,0,0,0,0,0
U-1371(5-3-3),2,12,0,0,0,0,0
U-1372(5-3-3),2,9,0,0,0,0,0
U-1373(5-3-3),2,13,0,0,0,0,0
U-1374(5-3-3),1,7,0,0,0,0,0
U-1375(5-3-3),2,13,0,0,0,0,0
U-1376(5-3-3),2,9,0,0,0,0,0
U-1377(5-3-3),0,0,0,0,0,0,0
U-1378(5-3-3),1,2,0,0,0,0,0
U-1379(5-3-3),1,4,0,0,0,0,0
U-1380(5-3-3),1,2,0,0,0,0,0
U-1381(5-3-3),1,4,0,0,0,0,0
U-1382(5-3-3),2,9,0,0,0,0,0
U-1383(5-3-3),2,14,0,0,0,0,0
U-1384(5-3-3),1,4,0,0,0,0,0
U-1385(5-3-3),2,11,0,0,0,0,0
U-1386(5-3-3),0,0,0,0,0,0,0
U-1387(5-3-3),3,10,0,0,0,0,0
U-1388(5-3-3),0,0,0,0,0,0,0
U-1389(5-3-3),3,13,0,0,0,0,0
U-1390(5-3-3),2,10,0,0,0,0,0
U-1391(5-3-3),0,0,0,0,0,0,0
U-1392(5-3-3),4,23,0,0,0,0,0
U-1393(5-3-3),0,0,0,0,1,0,0
U-1394(5-3-3),0,0,0,0,0,0,0
U-1395(5-3-3),2,20,0,0,0,0,0
U-1396(5-3-3),0,0,0,0,0,0,0
U-1397(5-3-3),1,6,0,0,0,0,0
U-1398(5-3-3),1,5,0,0,0,0,0
U-1399(5-3-3),1,5,0,0,0,0,0
U-1400(5-3-3),1,9,0,0,0,0,0
U-1401(5-3-3),2,9,1,0,0,0,0
U-1402(5-3-3),0,0,0,0,0,0,0
U-1403(5-3-3),3,7,0,0,0,0,0
U-1404(5-3-3),1,5,0,0,0,0,0
U-1405(5-3-3),1,7,0,0,0,0,0
U-1406(5-3-3),2,13,0,0,0,0,0
U-1407(5-3-3),0,0,0,0,0,0,0
U-1408(5-3-3),1,4,0,0,0,0,0
U-1409(5-3-3),0,0,1,0,0,0,0
U-1410(5-3-3),2,7,0,0,0,0,0
U-1411(5-3-3),0,0,0,0,0,0,0
U-1412(5-3-3),3,16,0,0,0,0,0
U-1413(5-3-3),1,7,0,0,0,0,0
U-1414(5-3-3),0,0,0,0,0,0,0
U-1415(5-3-3),1,5,0,0,0,0,0
U-1416(5-3-3),0,0,0,0,0,0,0
U-1417(5-3-3),1,7,1,0,0,0,0
U-1418(5-3-3),2,10,0,0,0,0,0
U-1419(5-3-3),0,0,0,0,0,0,0
U-1420(5-3-3),2,10,0,0,0,0,0
U-1421(5-3-3),0,0,0,0,0,0,0
U-1422(5-3-3),0,0,0,0,1,0,0
U-1423(5-3-3),1,5,0,0,0,0,0
U-1424(5-3-3),0,0,0,0,0,0,0
U-1425(5-3-3),2,4,0,0,0,0,0
U-1426(5-3-3),3,17,0,0,0,0,0
U-1427(5-3-3),0,0,0,0,0,0,0
U-1428(5-3-3),1,4,0,0,0,0,0
U-1429(5-3-3),2,15,0,0,0,0,0
U-1430(5-3-3),2,10,0,0,0,0,0
U-1431(5-3-3),3,6,0,0,0,0,0
U-1432(5-3-3),1,5,0,0,0,0,0
U-1433(5-3-3),2,12,0,0,0,0,0
U-1434(5-3-3),0,0,0,0,1,0,0
U-1435(5-3-3),0,0,0,0,0,0,0
U-1436(5-3-3),0,0,0,0,0,0,0
U-1437(5-3-3),1,2,0,0,0,0,0
U-1438(5-3-3),2,8,0,0,0,0,0
U-1439(5-3-3),2,9,0,0,0,0,0
U-1440(5-3-3),1,1,0,0,0,0,0
U-1441(5-3-3),1,7,0,0,0,0,0
U-1442(5-3-3),1,5,0,0,0,0,0
U-1443(5-3-3),2,12,0,0,0,0,0
U-1444(5-3-3),2,12,0,0,0,0,0
U-1445(5-3-3),2,12,0,0,0,0,0
U-1446(5-3-3),0,0,0,0,0,0,0
U-1447(5-3-3),2,6,0,0,0,0,0
U-1448(5-3-3),2,7,0,0,0,0,0
U-1449(5-3-3),1,2,0,0,0,0,0
U-1450(5-3-3),3,10,0,0,0,0,0
U-1451(5-3-3),1,7,1,0,0,0,0
U-1452(5-3-3),1,1,0,1,0,0,0
U-1453(5-3-3),1,10,0,0,0,0,0
U-1454(5-3-3),0,0,0,0,0,0,0
U-1455(5-3-3),2,16,0,0,0,0,0
U-1456(5-3-3),1,9,0,0,0,0,0
U-1457(5-3-3),1,7,0,0,0,0,0
U-1458(5-3-3),1,5,0,0,0,0,0
U-1459(5-3-3),2,6,0,0,0,0,0
U-1460(5-3-3),2,9,0,0,0,0,0
U-1461(5-3-3),2,7,0,0,0,0,0
U-1462(5-3-3),0,0,0,0,0,0,0
U-1463(5-3-3),1,2,1,0,0,0,0
U-1464(5-3-3),2,8,0,0,0,0,0
U-1465(5-3-3),1,6,0,0,0,0,0
U-1466(5-3-3),0,0,0,0,0,0,0
U-1467(5-3-3),2,8,0,0,0,0,0
U-1468(5-3-3),2,8,0,0,0,0,0
U-1469(5-3-3),1,3,0,0,0,0,0
U-1470(5-3-3),1,3,0,0,0,0,0
U-1471(5-3-3),1,9,0,0,0,0,0
U-1472(5-3-3),1,5,0,0,0,0,0
U-1473(5-3-3),4,6,0,0,0,0,0
U-1474(5-3-3),1,5,1,0,0,1,1
U-1475(5-3-3),3,10,0,0,0,0,0
U-1476(5-3-3),0,0,0,0,0,0,0
U-1477(5-3-3),2,10,0,0,0,0,0
U-1478(5-3-3),1,9,1,0,0,0,0
U-1479(5-3-3),1,3,0,0,0,0,0
U-1480(5-3-3),2,14,0,0,0,0,0
U-1481(5-3-3),3,16,0,0,0,0,0
U-1482(5-3-3),1,2,0,0,0,0,0
U-1483(5-3-3),1,2,0,0,0,0,0
U-1484(5-3-3),1,20,0,0,0,0,0
U-1485(5-3-3),3,8,0,0,0,0,0
U-1486(5-3-3),3,7,0,0,0,0,0
U-1487(5-3-3),3,11,0,0,0,0,0
U-1488(5-3-3),0,0,1,0,0,0,0
U-1489(5-3-3),1,5,0,0,0,0,0
U-1490(5-3-3),2,14,0,0,0,0,0
U-1491(5-3-3),2,9,0,0,0,0,0
U-1492(5-3-3),1,4,0,0,0,0,0
U-1493(5-3-3),3,16,0,0,0,0,0
U-1494(5-3-3),3,8,0,0,0,0,0
U-1495(5-3-3),3,11,0,0,0,0,0
U-1496(5-3-3),3,21,0,0,0,0,0
U-1497(5-3-3),2,17,0,0,0,0,0
U-1498(5-3-3),0,0,0,0,0,0,0
U-1499(5-3-3),0,0,0,0,0,0,0
U-1500(5-3-3),3,11,0,0,0,0,0
U-1501(5-3-3),0,0,0,0,0,0,0
U-1502(5-3-3),1,8,1,0,0,1,1
U-1503(5-3-3),1,14,0,0,0,0,0
U-1504(5-3-3),1,6,0,0,0,0,0
U-1505(5-3-3),0,0,0,0,0,0,0
U-1506(5-3-3),0,0,1,0,0,0,0
U-1507(5-3-3),3,15,0,0,0,0,0
U-1508(5-3-3),1,6,0,0,0,0,0
U-1509(5-3-3),0,0,0,0,0,0,0
U-1510(5-3-3),1,4,1,0,0,0,0
U-1511(5-3-3),2,8,0,0,0,0,0
U-1512(5-3-3),0,0,0,0,0,0,0
U-1513(5-3-3),2,11,0,0,0,0,0
U-1514(5-3-3),2,7,0,0,0,0,0
U-1515(5-3-3),2,9,0,0,0,0,0
U-1516(5-3-3),0,0,0,0,0,0,0
U-1517(5-3-3),1,4,0,0,0,0,0
U-1518(5-3-3),2,12,0,0,0,0,0
U-1519(5-3-3),1,5,0,0,0,0,0
U-1520(5-3-3),1,2,0,0,0,0,0
U-1521(5-3-3),2,8,0,0,0,0,0
U-1522(5-3-3),1,4,0,0,0,0,0
U-1523(5-3-3),1,2,0,0,0,0,0
U-1524(5-3-3),2,12,0,0,0,0,0
U-1525(5-3-3),2,12,0,0,0,0,0
U-1526(5-3-3),2,10,0,0,0,0,0
U-1527(5-3-3),3,23,0,0,0,0,0
U-1528(5-3-3),0,0,1,0,0,1,1
U-1529(5-3-3),2,5,0,0,0,0,0
U-1530(5-3-3),1,7,0,0,0,0,0
U-1531(5-3-3),0,0,0,0,1,0,0
U-1532(5-3-3),0,0,0,0,0,0,0
U-1533(5-3-3),1,4,0,0,0,0,0
U-1534(5-3-3),0,0,0,0,0,0,0
U-1535(5-3-3),1,6,0,0,0,0,0
U-1536(5-3-3),0,0,0,0,0,0,0
U-1537(5-3-3),3,15,0,0,0,0,0
U-1538(5-3-3),2,8,0,0,0,0,0
U-1539(5-3-3),1,5,0,0,0,0,0
U-1540(5-3-3),1,2,0,0,0,0,0
U-1541(5-3-3),2,12,0,0,0,0,0
U-1542(5-3-3),1,5,0,0,0,0,0
U-1543(5-3-3),0,0,1,0,0,0,0
U-1544(5-3-3),1,7,0,0,0,0,0
U-1545(5-3-3),1,5,0,0,0,0,0
U-1546(5-3-3),0,0,0,0,0,0,0
U-1547(5-3-3),1,5,0,0,0,0,0
U-1548(5-3-3),1,5,0,0,0,0,0
U-1549(5-3-3),2,13,0,0,0,0,0
U-1550(5-3-3),2,11,0,0,0,0,0
U-1551(5-3-3),1,4,0,0,0,0,0
U-1552(5-3-3),2,12,0,0,0,0,0
U-1553(5-3-3),1,5,0,0,0,0,0
U-1554(5-3-3),0,0,0,0,0,0,0
U-1555(5-3-3),0,0,0,0,0,0,0
U-1556(5-3-3),1,4,0,0,0,0,0
U-1557(5-3-3),0,0,0,0,0,0,0
U-1558(5-3-3),1,11,0,0,0,0,0
U-1559(5-3-3),0,0,0,0,0,0,0
U-1560(5-3-3),1,2,0,0,0,0,0
U-1561(5-3-3),2,12,0,0,0,0,0
U-1562(5-3-3),0,0,0,0,0,0,0
U-1563(5-3-3),0,0,0,0,0,0,0
U-1564(5-3-3),2,16,0,0,0,0,0
U-1565(5-3-3),2,8,0,0,0,0,0
U-1566(5-3-3),2,9,0,0,0,0,0
U-1567(5-3-3),3,12,0,0,0,0,0
U-1568(5-3-3),0,0,1,0,0,0,0
U-1569(5-3-3),2,9,0,0,0,0,0
U-1570(5-3-3),2,8,0,0,0,0,0
U-1571(5-3-3),0,0,0,0,0,0,0
U-1572(5-3-3),1,7,0,0,0,0,0
U-1573(5-3-3),3,24,0,0,0,0,0
U-1574(5-3-3),3,9,0,0,0,0,0
U-1575(5-3-3),0,0,0,0,0,0,0
U-1576(5-3-3),3,13,0,0,0,0,0
U-1577(5-3-3),2,12,1,0,0,0,0
U-1578(5-3-3),2,18,0,0,0,0,0
U-1579(5-3-3),2,10,0,0,0,0,0
U-1580(5-3-3),1,4,0,0,0,0,0
U-1581(5-3-3),1,3,0,0,0,0,0
U-1582(5-3-3),2,11,0,0,0,0,0
U-1583(5-3-3),2,11,0,0,0,0,0
U-1584(5-3-3),1,3,0,0,0,0,0
U-1585(5-3-3),4,10,0,0,0,0,0
U-1586(5-3-3),0,0,0,0,0,0,0
U-1587(5-3-3),1,11,0,0,0,0,0
U-1588(5-3-3),1,4,0,0,0,0,0
U-1589(5-3-3),1,2,0,0,0,0,0
U-1590(5-3-3),1,4,0,0,0,0,0
U-1591(5-3-3),2,9,0,0,0,0,0
U-1592(5-3-3),0,0,0,0,0,0,0
U-1593(5-3-3),3,16,0,0,0,0,0
U-1594(5-3-3),1,5,0,0,0,0,0
U-1595(5-3-3),1,5,0,0,0,0,0
U-1596(5-3-3),4,17,0,0,0,0,0
U-1597(5-3-3),0,0,0,0,0,0,0
U-1598(5-3-3),2,14,0,0,0,0,0
U-1599(5-3-3),1,4,0,0,1,0,0
U-1600(5-3-3),1,5,0,0,0,0,0
U-1601(5-3-3),2,7,0,0,0,0,0
U-1602(5-3-3),1,5,0,0,0,0,0
U-1603(5-3-3),2,6,0,0,0,0,0
U-1604(5-3-3),2,8,0,0,0,0,0
U-1605(5-3-3),2,10,0,0,0,0,0
U-1606(5-3-3),2,8,0,0,0,0,0
U-1607(5-3-3),0,0,0,0,0,0,0
U-1608(5-3-3),1,9,0,0,0,0,0
U-1609(5-3-3),0,0,0,0,0,0,0
U-1610(5-3-3),2,16,0,0,0,0,0
U-1611(5-3-3),2,9,0,0,0,0,0
U-1612(5-3-3),2,12,0,0,0,0,0
U-1613(5-3-3),3,9,0,0,0,0,0
U-1614(5-3-3),1,7,0,0,0,0,0
U-1615(5-3-3),2,7,0,0,0,0,0
U-1616(5-3-3),2,10,0,0,0,0,0
U-1617(5-3-3),1,4,0,0,0,0,0
U-1618(5-3-3),0,0,0,0,0,0,0
U-1619(5-3-3),0,0,0,0,0,0,0
U-1620(5-3-3),1,9,0,0,0,0,0
U-1621(5-3-3),1,3,0,0,0,0,0
U-1622(5-3-3),1,4,0,0,0,0,0
U-1623(5-3-3),1,2,1,0,0,0,0
U-1624(5-3-3),2,13,0,0,0,0,0
U-1625(5-3-3),2,7,0,0,0,0,0
U-1626(5-3-3),1,3,0,0,0,0,0
U-1627(5-3-3),2,13,0,0,0,0,0
U-1628(5-3-3),3,9,0,0,0,0,0
U-1629(5-3-3),2,5,0,0,0,0,0
U-1630(5-3-3),0,0,0,0,0,0,0
U-1631(5-3-3),1,8,0,0,0,0,0
U-1632(5-3-3),1,5,0,0,0,0,0
U-1633(5-3-3),2,18,0,0,0,0,0
U-1634(5-3-3),1,4,0,0,0,0,0
U-1635(5-3-3),1,5,0,0,0,0,0
U-1636(5-3-3),0,0,0,0,0,0,0
U-1637(5-3-3),1,9,0,0,0,0,0
U-1638(5-3-3),0,0,0,1,0,0,0
U-1639(5-3-3),1,7,0,0,0,0,0
U-1640(5-3-3),1,4,0,0,0,0,0
U-1641(5-3-3),1,7,0,0,0,0,0
U-1642(5-3-3),1,5,0,0,0,0,0
U-1643(5-3-3),2,6,0,0,0,0,0
U-1644(5-3-3),1,4,0,0,0,0,0
U-1645(5-3-3),1,5,0,0,0,0,0
U-1646(5-3-3),1,8,0,0,0,0,0
U-1647(5-3-3),1,7,0,0,0,0,0
U-1648(5-3-3),0,0,0,0,0,0,0
U-1649(5-3-3),1,2,0,0,0,0,0
U-1650(5-3-3),2,10,0,0,0,0,0
U-1651(5-3-3),1,6,0,0,0,0,0
U-1652(5-3-3),1,5,0,0,0,0,0
U-1653(5-3-3),1,6,0,0,0,0,0
U-1654(5-3-3),1,5,0,0,0,0,0
U-1655(5-3-3),0,0,0,0,0,0,0
U-1656(5-3-3),0,0,0,0,0,0,0
U-1657(5-3-3),3,15,0,0,0,0,0
U-1658(5-3-3),0,0,0,0,0,0,0
U-1659(5-3-3),0,0,0,0,0,0,0
U-1660(5-3-3),3,15,0,0,0,0,0
U-1661(5-3-3),1,5,0,0,0,0,0
U-1662(5-3-3),1,2,0,0,0,0,0
U-1663(5-3-3),3,16,0,0,0,0,0
U-1664(5-3-3),0,0,0,0,0,0,0
U-1665(5-3-3),1,7,0,0,0,0,0
U-1666(5-3-3),2,4,0,0,0,0,0
U-1667(5-3-3),2,10,0,0,0,0,0
U-1668(5-3-3),0,0,0,0,0,0,0
U-1669(5-3-3),2,6,0,0,0,0,0
U-1670(5-3-3),0,0,0,0,0,0,0
U-1671(5-3-3),1,3,0,0,0,0,0
U-1672(5-3-3),2,11,0,0,0,0,0
U-1673(5-3-3),2,12,0,0,0,0,0
U-1674(5-3-3),3,12,0,0,0,0,0
U-1675(5-3-3),2,9,0,0,0,0,0
U-1676(5-3-3),3,11,0,0,0,0,0
U-1677(5-3-3),2,7,0,1,0,0,0
U-1678(5-3-3),3,12,0,0,0,0,0
U-1679(5-3-3),3,11,0,0,0,0,0
U-1680(5-3-3),0,0,0,0,0,0,0
U-1681(5-3-3),1,6,0,0,0,0,0
U-1682(5-3-3),3,14,0,0,0,0,0
U-1683(5-3-3),2,10,0,0,0,0,0
U-1684(5-3-3),3,19,0,0,0,0,0
U-1685(5-3-3),3,9,0,0,0,0,0
U-1686(5-3-3),1,10,0,0,0,0,0
U-1687(5-3-3),2,9,0,0,0,0,0
U-1688(5-3-3),1,5,0,0,0,0,0
U-1689(5-3-3),3,14,0,0,0,0,0
U-1690(5-3-3),2,8,0,0,0,0,0
U-1691(5-3-3),2,9,0,0,0,0,0
U-1692(5-3-3),1,6,0,0,0,0,0
U-1693(5-3-3),1,2,0,0,0,0,0
U-1694(5-3-3),3,20,0,0,0,0,0
U-1695(5-3-3),0,0,0,0,0,0,0
U-1696(5-3-3),2,7,0,0,0,0,0
U-1697(5-3-3),1,5,0,0,0,0,0
U-1698(5-3-3),1,5,0,0,0,0,0
U-1699(5-3-3),2,7,0,0,0,0,0
U-1700(5-3-3),1,4,1,0,0,0,0
U-1701(5-3-3),0,0,0,0,0,0,0
U-1702(5-3-3),0,0,0,1,0,0,0
U-1703(5-3-3),0,0,1,0,0,0,0
U-1704(5-3-3),0,0,1,0,0,0,0
U-1705(5-3-3),1,2,0,0,0,0,0
U-1706(5-3-3),1,2,0,0,0,0,0
U-1707(5-3-3),0,0,0,0,0,0,0
U-1708(5-3-3),1,14,0,0,0,0,0
U-1709(5-3-3),0,0,0,0,0,0,0
U-1710(5-3-3),0,0,0,0,0,0,0
U-1711(5-3-3),1,2,0,0,0,0,0
U-1712(5-3-3),0,0,0,0,0,0,0
U-1713(5-3-3),2,8,0,0,0,0,0
U-1714(5-3-3),1,4,0,0,0,0,0
U-1715(5-3-3),1,6,0,0,0,0,0
U-1716(5-3-3),0,0,0,0,0,0,0
U-1717(5-3-3),3,13,1,0,0,1,1
U-1718(5-3-3),1,9,0,0,0,0,0
U-1719(5-3-3),0,0,0,0,0,0,0
U-1720(5-3-3),2,7,0,0,0,0,0
U-1721(5-3-3),1,4,0,0,0,0,0
U-1722(5-3-3),1,8,0,0,0,0,0
U-1723(5-3-3),1,9,1,0,0,0,0
U-1724(5-3-3),1,5,0,0,0,0,0
U-1725(5-3-3),1,8,0,0,0,0,0
U-1726(5-3-3),0,0,0,0,0,0,0
U-1727(5-3-3),0,0,0,0,0,0,0
U-1728(5-3-3),3,21,0,0,0,0,0
U-1729(5-3-3),1,5,0,0,0,0,0
U-1730(5-3-3),3,10,0,0,0,0,0
U-1731(5-3-3),2,12,0,0,0,0,0
U-1732(5-3-3),0,0,0,0,0,0,0
U-1733(5-3-3),2,13,0,0,0,0,0
U-1734(5-3-3),0,0,1,0,0,0,0
U-1735(5-3-3),2,19,0,0,0,0,0
U-1736(5-3-3),3,10,0,0,0,0,0
U-1737(5-3-3),2,13,0,0,0,0,0
U-1738(5-3-3),2,12,0,0,0,0,0
U-1739(5-3-3),3,15,0,0,0,0,0
U-1740(5-3-3),2,10,0,0,0,0,0
U-1741(5-3-3),2,5,0,0,0,0,0
U-1742(5-3-3),1,9,0,0,0,0,0
U-1743(5-3-3),1,5,0,0,0,0,0
U-1744(5-3-3),2,10,0,0,1,0,0
U-1745(5-3-3),0,0,1,0,0,0,0
U-1746(5-3-3),2,7,0,0,0,0,0
U-1747(5-3-3),3,20,0,0,0,0,0
U-1748(5-3-3),0,0,0,0,0,0,0
U-1749(5-3-3),3,10,0,0,0,0,0
U-1750(5-3-3),0,0,0,0,0,0,0
U-1751(5-3-3),1,8,0,0,1,0,0
U-1752(5-3-3),1,7,0,0,0,0,0
U-1753(5-3-3),2,7,0,0,0,0,0
U-1754(5-3-3),2,10,0,0,0,0,0
U-1755(5-3-3),1,5,0,0,0,0,0
U-1756(5-3-3),1,7,0,0,0,0,0
U-1757(5-3-3),0,0,0,0,0,0,0
U-1758(5-3-3),0,0,0,0,0,0,0
U-1759(5-3-3),0,0,0,0,0,0,0
U-1760(5-3-3),2,11,0,0,0,0,0
U-1761(5-3-3),1,5,0,0,0,0,0
U-1762(5-3-3),0,0,0,0,0,0,0
U-1763(5-3-3),1,7,0,0,0,0,0
U-1764(5-3-3),2,17,0,0,0,0,0
U-1765(5-3-3),1,8,1,0,0,0,0
U-1766(5-3-3),1,5,0,0,0,0,0
U-1767(5-3-3),1,5,0,0,0,0,0
U-1768(5-3-3),2,9,0,0,0,0,0
U-1769(5-3-3),1,9,0,0,0,0,0
U-1770(5-3-3),1,2,0,0,0,0,0
U-1771(5-3-3),0,0,0,0,0,0,0
U-1772(5-3-3),3,18,0,0,0,0,0
U-1773(5-3-3),3,8,0,0,0,0,0
U-1774(5-3-3),1,2,0,0,0,0,0
U-1775(5-3-3),0,0,0,0,0,0,0
U-1776(5-3-3),0,0,0,0,0,0,0
U-1777(5-3-3),1,10,0,0,0,0,0
U-1778(5-3-3),0,0,0,0,0,0,0
U-1779(5-3-3),2,6,0,0,0,0,0
U-1780(5-3-3),2,10,0,0,0,0,0
U-1781(5-3-3),1,7,0,0,0,0,0
U-1782(5-3-3),0,0,0,0,0,0,0
U-1783(5-3-3),0,0,0,0,0,0,0
U-1784(5-3-3),1,4,0,0,0,0,0
U-1785(5-3-3),0,0,0,0,0,0,0
U-1786(5-3-3),1,5,0,0,0,0,0
U-1787(5-3-3),0,0,0,0,0,0,0
U-1788(5-3-3),0,0,0,0,0,0,0
U-1789(5-3-3),2,7,0,0,0,0,0
U-1790(5-3-3),2,16,0,0,0,0,0
U-1791(5-3-3),1,5,0,0,0,0,0
U-1792(5-3-3),0,0,0,0,0,0,0
U-1793(5-3-3),1,2,0,0,0,0,0
U-1794(5-3-3),0,0,0,0,1,0,0
U-1795(5-3-3),0,0,0,0,0,0,0
U-1796(5-3-3),1,5,0,0,0,0,0
U-1797(5-3-3),2,12,0,0,0,0,0
U-1798(5-3-3),2,7,0,0,0,0,0
U-1799(5-3-3),0,0,0,0,1,0,0
U-1800(5-3-3),1,5,0,0,0,0,0
U-1801(5-3-3),2,6,0,0,0,0,0
U-1802(5-3-3),2,8,0,0,0,0,0
U-1803(5-3-3),1,5,0,0,0,0,0
U-1804(5-3-3),0,0,0,0,0,0,0
U-1805(5-3-3),0,0,0,0,0,0,0
U-1806(5-3-3),2,10,0,0,0,0,0
U-1807(5-3-3),3,11,0,0,0,0,0
U-1808(5-3-3),1,6,0,0,0,0,0
U-1809(5-3-3),2,8,0,0,0,0,0
U-1810(5-3-3),0,0,0,0,1,0,0
U-1811(5-3-3),0,0,0,0,0,0,0
U-1812(5-3-3),1,5,0,0,0,0,0
U-1813(5-3-3),3,16,0,0,0,0,0
U-1814(5-3-3),2,15,0,0,0,0,0
U-1815(5-3-3),1,2,0,0,0,0,0
U-1816(5-3-3),1,5,0,0,0,0,0
U-1817(5-3-3),1,7,0,0,0,0,0
U-1818(5-3-3),0,0,0,0,0,0,0
U-1819(5-3-3),1,5,0,0,0,0,0
U-1820(5-3-3),1,5,0,0,0,0,0
U-1821(5-3-3),1,4,0,0,0,0,0
U-1822(5-3-3),1,1,0,0,0,0,0
U-1823(5-3-3),1,4,0,0,0,0,0
U-1824(5-3-3),2,10,0,0,0,0,0
U-1825(5-3-3),1,5,0,0,0,0,0
U-1826(5-3-3),0,0,0,1,0,0,0
U-1827(5-3-3),0,0,1,0,0,0,0
U-1828(5-3-3),2,6,0,0,0,0,0
U-1829(5-3-3),1,5,0,1,0,0,0
U-1830(5-3-3),2,9,0,0,0,0,0
U-1831(5-3-3),1,3,0,0,0,0,0
U-1832(5-3-3),1,5,0,0,0,0,0
U-1833(5-3-3),2,9,0,0,1,0,0
U-1834(5-3-3),0,0,0,0,0,0,0
U-1835(5-3-3),1,4,0,0,0,0,0
U-1836(5-3-3),2,11,0,0,0,0,0
U-1837(5-3-3),3,10,0,0,0,0,0
U-1838(5-3-3),3,11,0,0,0,0,0
U-1839(5-3-3),1,6,0,0,0,0,0
U-1840(5-3-3),2,6,0,0,0,0,0
U-1841(5-3-3),2,7,0,0,0,0,0
U-1842(5-3-3),2,10,0,0,0,0,0
U-1843(5-3-3),1,2,1,0,0,1,1
U-1844(5-3-3),1,7,0,0,0,0,0
U-1845(5-3-3),1,2,1,0,0,0,0
U-1846(5-3-3),2,14,0,0,0,0,0
U-1847(5-3-3),1,7,0,0,0,0,0
U-1848(5-3-3),1,4,0,0,1,0,0
U-1849(5-3-3),1,2,0,0,1,0,0
U-1850(5-3-3),1,11,0,0,0,0,0
U-1851(5-3-3),1,3,0,0,0,0,0
U-1852(5-3-3),1,5,0,0,0,0,0
U-1853(5-3-3),1,5,1,0,0,0,0
U-1854(5-3-3),1,5,0,0,0,0,0
U-1855(5-3-3),2,17,0,0,0,0,0
U-1856(5-3-3),1,7,0,0,0,0,0
U-1857(5-3-3),2,14,0,0,0,0,0
U-1858(5-3-3),0,0,0,0,0,0,0
U-1859(5-3-3),0,0,0,0,0,0,0
U-1860(5-3-3),0,0,0,0,0,0,0
U-1861(5-3-3),0,0,0,0,0,0,0
U-1862(5-3-3),0,0,0,0,0,0,0
U-1863(5-3-3),3,20,0,0,0,0,0
U-1864(5-3-3),1,7,0,0,0,0,0
U-1865(5-3-3),1,6,0,0,0,0,0
U-1866(5-3-3),2,15,0,0,0,0,0
U-1867(5-3-3),0,0,0,0,0,0,0
U-1868(5-3-3),1,9,0,0,0,0,0
U-1869(5-3-3),1,9,0,0,0,0,0
U-1870(5-3-3),3,17,0,0,0,0,0
U-1871(5-3-3),0,0,1,0,0,0,0
U-1872(5-3-3),0,0,0,0,0,0,0
U-1873(5-3-3),1,4,0,0,0,0,0
U-1874(5-3-3),2,13,0,0,0,0,0
U-1875(5-3-3),1,2,0,0,0,0,0
U-1876(5-3-3),2,10,0,0,1,0,0
U-1877(5-3-3),0,0,0,0,0,0,0
U-1878(5-3-3),2,14,0,0,0,0,0
U-1879(5-3-3),0,0,0,0,0,0,0
U-1880(5-3-3),1,8,0,0,0,0,0
U-1881(5-3-3),0,0,0,0,0,0,0
U-1882(5-3-3),2,10,0,0,0,0,0
U-1883(5-3-3),2,9,0,0,0,0,0
U-1884(5-3-3),1,5,0,0,0,0,0
U-1885(5-3-3),1,7,0,0,0,0,0
U-1886(5-3-3),1,5,0,0,0,0,0
U-1887(5-3-3),1,5,0,0,0,0,0
U-1888(5-3-3),2,10,0,0,0,0,0
U-1889(5-3-3),1,10,0,0,0,0,0
U-1890(5-3-3),0,0,1,0,0,0,0
U-1891(5-3-3),1,3,0,0,0,0,0
U-1892(5-3-3),1,5,0,0,0,0,0
U-1893(5-3-3),1,5,0,0,0,0,0
U-1894(5-3-3),1,5,0,0,0,0,0
U-1895(5-3-3),2,14,0,0,0,0,0
U-1896(5-3-3),2,12,0,0,0,0,0
U-1897(5-3-3),1,6,0,0,0,0,0
U-1898(5-3-3),1,4,0,0,0,0,0
U-1899(5-3-3),0,0,1,0,0,0,0
U-1900(5-3-3),2,6,0,0,0,0,0
U-1901(5-3-3),1,2,0,0,0,0,0
U-1902(5-3-3),0,0,0,0,0,0,0
U-1903(5-3-3),3,12,0,0,0,0,0
U-1904(5-3-3),0,0,0,0,0,0,0
U-1905(5-3-3),1,7,0,0,0,0,0
U-1906(5-3-3),0,0,0,0,0,0,0
U-1907(5-3-3),1,2,0,0,0,0,0
U-1908(5-3-3),1,4,0,0,0,0,0
U-1909(5-3-3),2,3,0,0,0,0,0
U-1910(5-3-3),0,0,1,0,0,1,1
U-1911(5-3-3),1,8,0,0,0,0,0
U-1912(5-3-3),0,0,1,0,0,0,0
U-1913(5-3-3),3,8,0,0,0,0,0
U-1914(5-3-3),1,2,0,0,0,0,0
U-1915(5-3-3),0,0,1,0,0,0,0
U-1916(5-3-3),0,0,0,0,0,0,0
U-1917(5-3-3),0,0,0,0,0,0,0
U-1918(5-3-3),1,7,0,0,0,0,0
U-1919(5-3-3),3,11,0,0,0,0,0
U-1920(5-3-3),3,14,0,0,0,0,0
U-1921(5-3-3),0,0,0,0,0,0,0
U-1922(5-3-3),1,20,0,0,0,0,0
U-1923(5-3-3),0,0,0,0,1,0,0
U-1924(5-3-3),2,13,0,0,0,0,0
U-1925(5-3-3),3,19,0,0,0,0,0
U-1926(5-3-3),3,20,0,0,0,0,0
U-1927(5-3-3),1,4,0,0,0,0,0
U-1928(5-3-3),1,10,0,0,0,0,0
U-1929(5-3-3),1,1,0,0,0,0,0
U-1930(5-3-3),2,12,0,0,0,0,0
U-1931(5-3-3),2,10,0,0,0,0,0
U-1932(5-3-3),2,8,0,0,0,0,0
U-1933(5-3-3),1,2,0,0,0,0,0
U-1934(5-3-3),2,6,0,0,0,0,0
U-1935(5-3-3),2,7,0,0,0,0,0
U-1936(5-3-3),1,6,0,0,0,0,0
U-1937(5-3-3),1,4,0,0,1,0,0
U-1938(5-3-3),1,5,0,0,0,0,0
U-1939(5-3-3),1,2,0,0,0,0,0
U-1940(5-3-3),1,4,0,0,0,0,0
U-1941(5-3-3),2,15,0,0,0,0,0
U-1942(5-3-3),0,0,0,0,0,0,0
U-1943(5-3-3),1,4,0,0,0,0,0
U-1944(5-3-3),3,15,0,0,0,0,0
U-1945(5-3-3),1,7,0,0,0,0,0
U-1946(5-3-3),2,6,0,0,0,0,0
U-1947(5-3-3),3,14,0,0,0,0,0
U-1948(5-3-3),1,4,0,0,0,0,0
U-1949(5-3-3),0,0,0,0,0,0,0
U-1950(5-3-3),0,0,0,0,0,0,0
U-1951(5-3-3),2,15,0,0,0,0,0
U-1952(5-3-3),0,0,0,0,0,0,0
U-1953(5-3-3),0,0,1,0,0,0,0
U-1954(5-3-3),1,5,0,0,0,0,0
U-1955(5-3-3),1,4,0,0,0,0,0
U-1956(5-3-3),1,5,0,0,0,0,0
U-1957(5-3-3),0,0,0,0,0,0,0
U-1958(5-3-3),2,16,0,0,0,0,0
U-1959(5-3-3),3,17,0,0,0,0,0
U-1960(5-3-3),1,6,0,0,0,0,0
U-1961(5-3-3),0,0,1,0,0,0,0
U-1962(5-3-3),2,5,0,0,0,0,0
U-1963(5-3-3),2,7,1,0,0,0,0
U-1964(5-3-3),2,13,0,0,0,0,0
U-1965(5-3-3),1,4,0,0,0,0,0
U-1966(5-3-3),2,10,0,0,0,0,0
U-1967(5-3-3),2,12,0,0,0,0,0
U-1968(5-3-3),0,0,0,0,0,0,0
U-1969(5-3-3),3,15,0,0,0,0,0
U-1970(5-3-3),1,5,0,0,0,0,0
U-1971(5-3-3),1,5,0,0,0,0,0
U-1972(5-3-3),2,11,0,0,0,0,0
U-1973(5-3-3),1,5,0,0,0,0,0
U-1974(5-3-3),2,11,0,0,0,0,0
U-1975(5-3-3),2,9,0,0,0,0,0
U-1976(5-3-3),2,9,0,0,0,0,0
U-1977(5-3-3),2,11,0,0,0,0,0
U-1978(5-3-3),1,4,0,0,0,0,0
U-1979(5-3-3),0,0,0,0,0,0,0
U-1980(5-3-3),1,5,0,0,0,0,0
U-1981(5-3-3),1,3,0,0,0,0,0
U-1982(5-3-3),3,16,0,0,0,0,0
U-1983(5-3-3),0,0,0,0,0,0,0
U-1984(5-3-3),1,5,0,0,0,0,0
U-1985(5-3-3),0,0,0,0,0,0,0
U-1986(5-3-3),1,4,0,0,0,0,0
U-1987(5-3-3),1,4,0,0,0,0,0
U-1988(5-3-3),3,14,0,0,0,0,0
U-1989(5-3-3),0,0,0,0,0,0,0
U-1990(5-3-3),0,0,0,0,0,0,0
U-1991(5-3-3),3,13,0,0,0,0,0
U-1992(5-3-3),4,15,0,0,0,0,0
U-1993(5-3-3),1,2,0,0,0,0,0
U-1994(5-3-3),2,9,0,0,0,0,0
U-1995(5-3-3),1,7,0,0,0,0,0
U-1996(5-3-3),4,11,0,0,0,0,0
U-1997(5-3-3),1,10,0,0,0,0,0
U-1998(5-3-3),2,13,0,0,0,0,0
U-1999(5-3-3),0,0,1,0,0,0,0
